/*---   Init_db_insert scripts ----*/


insert into CATISSUE_QUERY_TABLE_DATA  ( TABLE_ID, TABLE_NAME, DISPLAY_NAME, ALIAS_NAME, PRIVILEGE_ID, FOR_SQI) values ( 180, 'CATISSUE_CLINICAL_STUDY', 'Clinical Study', 'ClinicalStudy',2,1);
insert into CATISSUE_INTERFACE_COLUMN_DATA ( IDENTIFIER, TABLE_ID, COLUMN_NAME , ATTRIBUTE_TYPE ) values ( 430, 180, 'IDENTIFIER', 'bigint');

insert into CATISSUE_QUERY_TABLE_DATA  ( TABLE_ID, TABLE_NAME, DISPLAY_NAME, ALIAS_NAME, PRIVILEGE_ID, FOR_SQI) values ( 181, 'CATISSUE_CLINICAL_STUDY_REG', 'Clinical Study Registration', 'ClinicalStudyRegistration',2,1);
insert into CATISSUE_INTERFACE_COLUMN_DATA ( IDENTIFIER, TABLE_ID, COLUMN_NAME , ATTRIBUTE_TYPE ) values ( 431, 181, 'IDENTIFIER', 'bigint');
insert into CATISSUE_INTERFACE_COLUMN_DATA ( IDENTIFIER, TABLE_ID, COLUMN_NAME , ATTRIBUTE_TYPE ) values ( 432, 181, 'CLINICAL_STUDY_PARTICIPANT_ID', 'varchar');
insert into CATISSUE_INTERFACE_COLUMN_DATA ( IDENTIFIER, TABLE_ID, COLUMN_NAME , ATTRIBUTE_TYPE ) values ( 433, 181, 'REGISTRATION_DATE', 'date');
insert into CATISSUE_INTERFACE_COLUMN_DATA ( IDENTIFIER, TABLE_ID, COLUMN_NAME , ATTRIBUTE_TYPE ) values ( 434, 181, 'PARTICIPANT_ID', 'bigint');
insert into CATISSUE_INTERFACE_COLUMN_DATA ( IDENTIFIER, TABLE_ID, COLUMN_NAME , ATTRIBUTE_TYPE ) values ( 435, 181, 'CLINICAL_STUDY_ID', 'bigint');
insert into CATISSUE_INTERFACE_COLUMN_DATA ( IDENTIFIER, TABLE_ID, COLUMN_NAME , ATTRIBUTE_TYPE ) values ( 436, 181, 'ACTIVITY_STATUS', 'varchar');


INSERT INTO CATISSUE_TABLE_RELATION (RELATIONSHIP_ID, PARENT_TABLE_ID, CHILD_TABLE_ID) values (236,180,180);
INSERT INTO CATISSUE_TABLE_RELATION (RELATIONSHIP_ID, PARENT_TABLE_ID, CHILD_TABLE_ID) values (232,180,9);
INSERT INTO CATISSUE_TABLE_RELATION (RELATIONSHIP_ID, PARENT_TABLE_ID, CHILD_TABLE_ID, TABLES_IN_PATH) values (237,31,180,'181');


INSERT INTO CATISSUE_SEARCH_DISPLAY_DATA (RELATIONSHIP_ID, COL_ID, DISPLAY_NAME, DEFAULT_VIEW_ATTRIBUTE) VALUES (236, 430, 'Identifier',1);
INSERT INTO CATISSUE_SEARCH_DISPLAY_DATA (RELATIONSHIP_ID, COL_ID, DISPLAY_NAME, DEFAULT_VIEW_ATTRIBUTE) VALUES (232, 225, 'Short Title',1);
INSERT INTO CATISSUE_SEARCH_DISPLAY_DATA (RELATIONSHIP_ID, COL_ID, DISPLAY_NAME, DEFAULT_VIEW_ATTRIBUTE) VALUES (232, 226, 'IRB Identifier',1);
INSERT INTO CATISSUE_SEARCH_DISPLAY_DATA (RELATIONSHIP_ID, COL_ID, DISPLAY_NAME, DEFAULT_VIEW_ATTRIBUTE) VALUES (232, 227, 'Start Date',1);
INSERT INTO CATISSUE_SEARCH_DISPLAY_DATA (RELATIONSHIP_ID, COL_ID, DISPLAY_NAME, DEFAULT_VIEW_ATTRIBUTE) VALUES (232, 228, 'End Date',1);
INSERT INTO CATISSUE_SEARCH_DISPLAY_DATA (RELATIONSHIP_ID, COL_ID, DISPLAY_NAME, DEFAULT_VIEW_ATTRIBUTE) VALUES (232, 224, 'Title',1);
INSERT INTO CATISSUE_SEARCH_DISPLAY_DATA (RELATIONSHIP_ID, COL_ID, DISPLAY_NAME, DEFAULT_VIEW_ATTRIBUTE) VALUES (232, 230, 'Description URL',1);

insert into CATISSUE_RELATED_TABLES_MAP values ( 180 , 9 , 'IDENTIFIER','IDENTIFIER');


INSERT INTO CATISSUE_TABLE_RELATION (RELATIONSHIP_ID, PARENT_TABLE_ID, CHILD_TABLE_ID) values (233,181,181);
INSERT INTO CATISSUE_TABLE_RELATION (RELATIONSHIP_ID, PARENT_TABLE_ID, CHILD_TABLE_ID) values (234,181,31);
INSERT INTO CATISSUE_TABLE_RELATION (RELATIONSHIP_ID, PARENT_TABLE_ID, CHILD_TABLE_ID, TABLES_IN_PATH) values (235,181,9,'180');


INSERT INTO CATISSUE_SEARCH_DISPLAY_DATA (RELATIONSHIP_ID, COL_ID, DISPLAY_NAME, DEFAULT_VIEW_ATTRIBUTE) VALUES (233, 431, 'Identifier',1);
INSERT INTO CATISSUE_SEARCH_DISPLAY_DATA (RELATIONSHIP_ID, COL_ID, DISPLAY_NAME) VALUES (235, 224, 'Clinical Study Title');
INSERT INTO CATISSUE_SEARCH_DISPLAY_DATA (RELATIONSHIP_ID, COL_ID, DISPLAY_NAME, DEFAULT_VIEW_ATTRIBUTE) VALUES (233, 432, 'Participant Clinical Study Identifier',1);
INSERT INTO CATISSUE_SEARCH_DISPLAY_DATA (RELATIONSHIP_ID, COL_ID, DISPLAY_NAME, DEFAULT_VIEW_ATTRIBUTE) VALUES (233, 433, 'Registration Date',1);
INSERT INTO CATISSUE_SEARCH_DISPLAY_DATA (RELATIONSHIP_ID, COL_ID, DISPLAY_NAME, DEFAULT_VIEW_ATTRIBUTE) VALUES (234, 117, 'Participant Last Name', 1);
INSERT INTO CATISSUE_SEARCH_DISPLAY_DATA (RELATIONSHIP_ID, COL_ID, DISPLAY_NAME, DEFAULT_VIEW_ATTRIBUTE) VALUES (234, 118, 'Participant First Name', 1);
INSERT INTO CATISSUE_SEARCH_DISPLAY_DATA (RELATIONSHIP_ID, COL_ID, DISPLAY_NAME, DEFAULT_VIEW_ATTRIBUTE) VALUES (234, 119, 'Participant Middle Name', 1);
INSERT INTO CATISSUE_SEARCH_DISPLAY_DATA (RELATIONSHIP_ID, COL_ID, DISPLAY_NAME, DEFAULT_VIEW_ATTRIBUTE) VALUES (234, 120, 'Participant Birth Date', 1);


insert into CATISSUE_RELATED_TABLES_MAP values ( 180 , 181 , 'IDENTIFIER','CLINICAL_STUDY_ID');
insert into CATISSUE_RELATED_TABLES_MAP values ( 31 , 181 , 'IDENTIFIER','PARTICIPANT_ID');


/*--- Init_db_insert scripts ---*/

/*-----Ashish - 5 Nov 2007 - Entries for Clinical Study Events and Clinical Study Registrations ------*/
insert into catissue_query_table_data (TABLE_ID,TABLE_NAME,DISPLAY_NAME,ALIAS_NAME,PRIVILEGE_ID,FOR_SQI) values (82,'catissue_clinical_study_event','catissue_clinical_study_event','ClinicalStudyEvent',2,1);
insert into catissue_query_table_data (TABLE_ID,TABLE_NAME,DISPLAY_NAME,ALIAS_NAME,PRIVILEGE_ID,FOR_SQI) values (83,'catissue_clin_study_evnt_ntry','catissue_clin_study_evnt_ntry','ClinicalStudyEventEntry',2,1);




