SET FOREIGN_KEY_CHECKS=0;
Insert into DYEXTN_BASE_ABSTRACT_ATTRIBUTE (IDENTIFIER) values (4);
Insert into DYEXTN_BASE_ABSTRACT_ATTRIBUTE (IDENTIFIER) values (5);
Insert into DYEXTN_BASE_ABSTRACT_ATTRIBUTE (IDENTIFIER) values (6);
Insert into DYEXTN_BASE_ABSTRACT_ATTRIBUTE (IDENTIFIER) values (7);
Insert into DYEXTN_BASE_ABSTRACT_ATTRIBUTE (IDENTIFIER) values (8);
Insert into DYEXTN_BASE_ABSTRACT_ATTRIBUTE (IDENTIFIER) values (9);
Insert into DYEXTN_BASE_ABSTRACT_ATTRIBUTE (IDENTIFIER) values (10);
Insert into DYEXTN_BASE_ABSTRACT_ATTRIBUTE (IDENTIFIER) values (11);
Insert into DYEXTN_BASE_ABSTRACT_ATTRIBUTE (IDENTIFIER) values (12);
Insert into DYEXTN_BASE_ABSTRACT_ATTRIBUTE (IDENTIFIER) values (14);
Insert into DYEXTN_BASE_ABSTRACT_ATTRIBUTE (IDENTIFIER) values (16);
Insert into DYEXTN_BASE_ABSTRACT_ATTRIBUTE (IDENTIFIER) values (17);
Insert into DYEXTN_BASE_ABSTRACT_ATTRIBUTE (IDENTIFIER) values (19);
Insert into DYEXTN_BASE_ABSTRACT_ATTRIBUTE (IDENTIFIER) values (21);
Insert into DYEXTN_BASE_ABSTRACT_ATTRIBUTE (IDENTIFIER) values (23);
Insert into DYEXTN_BASE_ABSTRACT_ATTRIBUTE (IDENTIFIER) values (24);
Insert into DYEXTN_BASE_ABSTRACT_ATTRIBUTE (IDENTIFIER) values (25);
Insert into DYEXTN_BASE_ABSTRACT_ATTRIBUTE (IDENTIFIER) values (26);
Insert into DYEXTN_BASE_ABSTRACT_ATTRIBUTE (IDENTIFIER) values (27);
Insert into DYEXTN_BASE_ABSTRACT_ATTRIBUTE (IDENTIFIER) values (28);
Insert into DYEXTN_BASE_ABSTRACT_ATTRIBUTE (IDENTIFIER) values (29);
Insert into DYEXTN_BASE_ABSTRACT_ATTRIBUTE (IDENTIFIER) values (30);
Insert into DYEXTN_BASE_ABSTRACT_ATTRIBUTE (IDENTIFIER) values (31);
Insert into DYEXTN_BASE_ABSTRACT_ATTRIBUTE (IDENTIFIER) values (34);
Insert into DYEXTN_BASE_ABSTRACT_ATTRIBUTE (IDENTIFIER) values (36);
Insert into DYEXTN_BASE_ABSTRACT_ATTRIBUTE (IDENTIFIER) values (37);
Insert into DYEXTN_BASE_ABSTRACT_ATTRIBUTE (IDENTIFIER) values (38);
Insert into DYEXTN_BASE_ABSTRACT_ATTRIBUTE (IDENTIFIER) values (39);
Insert into DYEXTN_BASE_ABSTRACT_ATTRIBUTE (IDENTIFIER) values (40);
Insert into DYEXTN_BASE_ABSTRACT_ATTRIBUTE (IDENTIFIER) values (41);
Insert into DYEXTN_BASE_ABSTRACT_ATTRIBUTE (IDENTIFIER) values (42);
Insert into DYEXTN_BASE_ABSTRACT_ATTRIBUTE (IDENTIFIER) values (43);
Insert into DYEXTN_BASE_ABSTRACT_ATTRIBUTE (IDENTIFIER) values (44);
Insert into DYEXTN_BASE_ABSTRACT_ATTRIBUTE (IDENTIFIER) values (45);
Insert into DYEXTN_BASE_ABSTRACT_ATTRIBUTE (IDENTIFIER) values (46);
Insert into DYEXTN_BASE_ABSTRACT_ATTRIBUTE (IDENTIFIER) values (47);
Insert into DYEXTN_BASE_ABSTRACT_ATTRIBUTE (IDENTIFIER) values (49);
Insert into DYEXTN_BASE_ABSTRACT_ATTRIBUTE (IDENTIFIER) values (50);
Insert into DYEXTN_BASE_ABSTRACT_ATTRIBUTE (IDENTIFIER) values (51);
Insert into DYEXTN_BASE_ABSTRACT_ATTRIBUTE (IDENTIFIER) values (53);
Insert into DYEXTN_BASE_ABSTRACT_ATTRIBUTE (IDENTIFIER) values (54);
Insert into DYEXTN_BASE_ABSTRACT_ATTRIBUTE (IDENTIFIER) values (55);
Insert into DYEXTN_BASE_ABSTRACT_ATTRIBUTE (IDENTIFIER) values (56);
Insert into DYEXTN_BASE_ABSTRACT_ATTRIBUTE (IDENTIFIER) values (58);
Insert into DYEXTN_BASE_ABSTRACT_ATTRIBUTE (IDENTIFIER) values (59);
Insert into DYEXTN_BASE_ABSTRACT_ATTRIBUTE (IDENTIFIER) values (60);
Insert into DYEXTN_BASE_ABSTRACT_ATTRIBUTE (IDENTIFIER) values (62);
Insert into DYEXTN_BASE_ABSTRACT_ATTRIBUTE (IDENTIFIER) values (63);
Insert into DYEXTN_BASE_ABSTRACT_ATTRIBUTE (IDENTIFIER) values (64);
Insert into DYEXTN_BASE_ABSTRACT_ATTRIBUTE (IDENTIFIER) values (65);
Insert into DYEXTN_BASE_ABSTRACT_ATTRIBUTE (IDENTIFIER) values (66);
Insert into DYEXTN_BASE_ABSTRACT_ATTRIBUTE (IDENTIFIER) values (67);
Insert into DYEXTN_BASE_ABSTRACT_ATTRIBUTE (IDENTIFIER) values (68);
Insert into DYEXTN_BASE_ABSTRACT_ATTRIBUTE (IDENTIFIER) values (69);
Insert into DYEXTN_BASE_ABSTRACT_ATTRIBUTE (IDENTIFIER) values (70);
Insert into DYEXTN_BASE_ABSTRACT_ATTRIBUTE (IDENTIFIER) values (71);
Insert into DYEXTN_BASE_ABSTRACT_ATTRIBUTE (IDENTIFIER) values (72);
Insert into DYEXTN_BASE_ABSTRACT_ATTRIBUTE (IDENTIFIER) values (73);
Insert into DYEXTN_BASE_ABSTRACT_ATTRIBUTE (IDENTIFIER) values (74);
Insert into DYEXTN_BASE_ABSTRACT_ATTRIBUTE (IDENTIFIER) values (75);
Insert into DYEXTN_BASE_ABSTRACT_ATTRIBUTE (IDENTIFIER) values (76);
Insert into DYEXTN_BASE_ABSTRACT_ATTRIBUTE (IDENTIFIER) values (77);
Insert into DYEXTN_BASE_ABSTRACT_ATTRIBUTE (IDENTIFIER) values (78);
Insert into DYEXTN_BASE_ABSTRACT_ATTRIBUTE (IDENTIFIER) values (79);
Insert into DYEXTN_BASE_ABSTRACT_ATTRIBUTE (IDENTIFIER) values (80);
Insert into DYEXTN_BASE_ABSTRACT_ATTRIBUTE (IDENTIFIER) values (81);
Insert into DYEXTN_BASE_ABSTRACT_ATTRIBUTE (IDENTIFIER) values (82);
Insert into DYEXTN_BASE_ABSTRACT_ATTRIBUTE (IDENTIFIER) values (83);
Insert into DYEXTN_BASE_ABSTRACT_ATTRIBUTE (IDENTIFIER) values (84);
Insert into DYEXTN_BASE_ABSTRACT_ATTRIBUTE (IDENTIFIER) values (85);
Insert into DYEXTN_BASE_ABSTRACT_ATTRIBUTE (IDENTIFIER) values (86);
Insert into DYEXTN_BASE_ABSTRACT_ATTRIBUTE (IDENTIFIER) values (87);
Insert into DYEXTN_BASE_ABSTRACT_ATTRIBUTE (IDENTIFIER) values (88);
Insert into DYEXTN_BASE_ABSTRACT_ATTRIBUTE (IDENTIFIER) values (89);
Insert into DYEXTN_BASE_ABSTRACT_ATTRIBUTE (IDENTIFIER) values (90);
Insert into DYEXTN_BASE_ABSTRACT_ATTRIBUTE (IDENTIFIER) values (92);
Insert into DYEXTN_BASE_ABSTRACT_ATTRIBUTE (IDENTIFIER) values (93);
Insert into DYEXTN_BASE_ABSTRACT_ATTRIBUTE (IDENTIFIER) values (94);
Insert into DYEXTN_BASE_ABSTRACT_ATTRIBUTE (IDENTIFIER) values (95);
Insert into DYEXTN_BASE_ABSTRACT_ATTRIBUTE (IDENTIFIER) values (96);
Insert into DYEXTN_BASE_ABSTRACT_ATTRIBUTE (IDENTIFIER) values (97);
Insert into DYEXTN_BASE_ABSTRACT_ATTRIBUTE (IDENTIFIER) values (98);
Insert into DYEXTN_BASE_ABSTRACT_ATTRIBUTE (IDENTIFIER) values (99);
Insert into DYEXTN_BASE_ABSTRACT_ATTRIBUTE (IDENTIFIER) values (100);
Insert into DYEXTN_BASE_ABSTRACT_ATTRIBUTE (IDENTIFIER) values (101);
Insert into DYEXTN_BASE_ABSTRACT_ATTRIBUTE (IDENTIFIER) values (102);
Insert into DYEXTN_BASE_ABSTRACT_ATTRIBUTE (IDENTIFIER) values (103);
Insert into DYEXTN_BASE_ABSTRACT_ATTRIBUTE (IDENTIFIER) values (104);
Insert into DYEXTN_BASE_ABSTRACT_ATTRIBUTE (IDENTIFIER) values (105);
Insert into DYEXTN_BASE_ABSTRACT_ATTRIBUTE (IDENTIFIER) values (107);
Insert into DYEXTN_BASE_ABSTRACT_ATTRIBUTE (IDENTIFIER) values (108);
Insert into DYEXTN_BASE_ABSTRACT_ATTRIBUTE (IDENTIFIER) values (110);
Insert into DYEXTN_BASE_ABSTRACT_ATTRIBUTE (IDENTIFIER) values (111);
Insert into DYEXTN_BASE_ABSTRACT_ATTRIBUTE (IDENTIFIER) values (112);
Insert into DYEXTN_BASE_ABSTRACT_ATTRIBUTE (IDENTIFIER) values (113);
Insert into DYEXTN_BASE_ABSTRACT_ATTRIBUTE (IDENTIFIER) values (114);
Insert into DYEXTN_BASE_ABSTRACT_ATTRIBUTE (IDENTIFIER) values (115);
Insert into DYEXTN_BASE_ABSTRACT_ATTRIBUTE (IDENTIFIER) values (116);
Insert into DYEXTN_BASE_ABSTRACT_ATTRIBUTE (IDENTIFIER) values (117);
Insert into DYEXTN_BASE_ABSTRACT_ATTRIBUTE (IDENTIFIER) values (118);
Insert into DYEXTN_BASE_ABSTRACT_ATTRIBUTE (IDENTIFIER) values (119);
Insert into DYEXTN_BASE_ABSTRACT_ATTRIBUTE (IDENTIFIER) values (120);
Insert into DYEXTN_BASE_ABSTRACT_ATTRIBUTE (IDENTIFIER) values (121);
Insert into DYEXTN_BASE_ABSTRACT_ATTRIBUTE (IDENTIFIER) values (122);


Insert into DYEXTN_RULE (IDENTIFIER,NAME,ATTRIBUTE_ID) values (1,'number',4);
Insert into DYEXTN_RULE (IDENTIFIER,NAME,ATTRIBUTE_ID) values (2,'textLength',5);
Insert into DYEXTN_RULE (IDENTIFIER,NAME,ATTRIBUTE_ID) values (3,'textLength',6);
Insert into DYEXTN_RULE (IDENTIFIER,NAME,ATTRIBUTE_ID) values (4,'textLength',7);
Insert into DYEXTN_RULE (IDENTIFIER,NAME,ATTRIBUTE_ID) values (5,'textLength',8);
Insert into DYEXTN_RULE (IDENTIFIER,NAME,ATTRIBUTE_ID) values (6,'number',9);
Insert into DYEXTN_RULE (IDENTIFIER,NAME,ATTRIBUTE_ID) values (7,'textLength',10);
Insert into DYEXTN_RULE (IDENTIFIER,NAME,ATTRIBUTE_ID) values (8,'textLength',11);
Insert into DYEXTN_RULE (IDENTIFIER,NAME,ATTRIBUTE_ID) values (9,'textLength',12);
Insert into DYEXTN_RULE (IDENTIFIER,NAME,ATTRIBUTE_ID) values (10,'number',25);
Insert into DYEXTN_RULE (IDENTIFIER,NAME,ATTRIBUTE_ID) values (11,'textLength',27);
Insert into DYEXTN_RULE (IDENTIFIER,NAME,ATTRIBUTE_ID) values (12,'number',28);
Insert into DYEXTN_RULE (IDENTIFIER,NAME,ATTRIBUTE_ID) values (13,'number',29);
Insert into DYEXTN_RULE (IDENTIFIER,NAME,ATTRIBUTE_ID) values (14,'textLength',30);
Insert into DYEXTN_RULE (IDENTIFIER,NAME,ATTRIBUTE_ID) values (15,'textLength',38);
Insert into DYEXTN_RULE (IDENTIFIER,NAME,ATTRIBUTE_ID) values (16,'textLength',39);
Insert into DYEXTN_RULE (IDENTIFIER,NAME,ATTRIBUTE_ID) values (17,'number',40);
Insert into DYEXTN_RULE (IDENTIFIER,NAME,ATTRIBUTE_ID) values (18,'textLength',41);
Insert into DYEXTN_RULE (IDENTIFIER,NAME,ATTRIBUTE_ID) values (19,'textLength',42);
Insert into DYEXTN_RULE (IDENTIFIER,NAME,ATTRIBUTE_ID) values (20,'number',43);
Insert into DYEXTN_RULE (IDENTIFIER,NAME,ATTRIBUTE_ID) values (21,'textLength',44);
Insert into DYEXTN_RULE (IDENTIFIER,NAME,ATTRIBUTE_ID) values (22,'textLength',45);
Insert into DYEXTN_RULE (IDENTIFIER,NAME,ATTRIBUTE_ID) values (23,'date',46);
Insert into DYEXTN_RULE (IDENTIFIER,NAME,ATTRIBUTE_ID) values (24,'textLength',49);
Insert into DYEXTN_RULE (IDENTIFIER,NAME,ATTRIBUTE_ID) values (25,'number',50);
Insert into DYEXTN_RULE (IDENTIFIER,NAME,ATTRIBUTE_ID) values (26,'date',53);
Insert into DYEXTN_RULE (IDENTIFIER,NAME,ATTRIBUTE_ID) values (27,'textLength',54);
Insert into DYEXTN_RULE (IDENTIFIER,NAME,ATTRIBUTE_ID) values (28,'number',55);
Insert into DYEXTN_RULE (IDENTIFIER,NAME,ATTRIBUTE_ID) values (29,'textLength',58);
Insert into DYEXTN_RULE (IDENTIFIER,NAME,ATTRIBUTE_ID) values (30,'number',59);
Insert into DYEXTN_RULE (IDENTIFIER,NAME,ATTRIBUTE_ID) values (31,'textLength',62);
Insert into DYEXTN_RULE (IDENTIFIER,NAME,ATTRIBUTE_ID) values (32,'number',63);
Insert into DYEXTN_RULE (IDENTIFIER,NAME,ATTRIBUTE_ID) values (33,'textLength',64);
Insert into DYEXTN_RULE (IDENTIFIER,NAME,ATTRIBUTE_ID) values (34,'date',65);
Insert into DYEXTN_RULE (IDENTIFIER,NAME,ATTRIBUTE_ID) values (35,'textLength',66);
Insert into DYEXTN_RULE (IDENTIFIER,NAME,ATTRIBUTE_ID) values (36,'textLength',67);
Insert into DYEXTN_RULE (IDENTIFIER,NAME,ATTRIBUTE_ID) values (37,'number',68);
Insert into DYEXTN_RULE (IDENTIFIER,NAME,ATTRIBUTE_ID) values (38,'number',69);
Insert into DYEXTN_RULE (IDENTIFIER,NAME,ATTRIBUTE_ID) values (39,'date',70);
Insert into DYEXTN_RULE (IDENTIFIER,NAME,ATTRIBUTE_ID) values (40,'textLength',71);
Insert into DYEXTN_RULE (IDENTIFIER,NAME,ATTRIBUTE_ID) values (41,'textLength',72);
Insert into DYEXTN_RULE (IDENTIFIER,NAME,ATTRIBUTE_ID) values (42,'number',76);
Insert into DYEXTN_RULE (IDENTIFIER,NAME,ATTRIBUTE_ID) values (43,'number',78);
Insert into DYEXTN_RULE (IDENTIFIER,NAME,ATTRIBUTE_ID) values (44,'number',79);
Insert into DYEXTN_RULE (IDENTIFIER,NAME,ATTRIBUTE_ID) values (45,'number',81);
Insert into DYEXTN_RULE (IDENTIFIER,NAME,ATTRIBUTE_ID) values (46,'textLength',82);
Insert into DYEXTN_RULE (IDENTIFIER,NAME,ATTRIBUTE_ID) values (47,'textLength',83);
Insert into DYEXTN_RULE (IDENTIFIER,NAME,ATTRIBUTE_ID) values (48,'number',85);
Insert into DYEXTN_RULE (IDENTIFIER,NAME,ATTRIBUTE_ID) values (49,'number',86);
Insert into DYEXTN_RULE (IDENTIFIER,NAME,ATTRIBUTE_ID) values (50,'date',87);
Insert into DYEXTN_RULE (IDENTIFIER,NAME,ATTRIBUTE_ID) values (51,'textLength',88);
Insert into DYEXTN_RULE (IDENTIFIER,NAME,ATTRIBUTE_ID) values (52,'textLength',93);
Insert into DYEXTN_RULE (IDENTIFIER,NAME,ATTRIBUTE_ID) values (53,'date',94);
Insert into DYEXTN_RULE (IDENTIFIER,NAME,ATTRIBUTE_ID) values (54,'date',95);
Insert into DYEXTN_RULE (IDENTIFIER,NAME,ATTRIBUTE_ID) values (55,'textLength',96);
Insert into DYEXTN_RULE (IDENTIFIER,NAME,ATTRIBUTE_ID) values (56,'textLength',97);
Insert into DYEXTN_RULE (IDENTIFIER,NAME,ATTRIBUTE_ID) values (57,'textLength',98);
Insert into DYEXTN_RULE (IDENTIFIER,NAME,ATTRIBUTE_ID) values (58,'number',99);
Insert into DYEXTN_RULE (IDENTIFIER,NAME,ATTRIBUTE_ID) values (59,'textLength',100);
Insert into DYEXTN_RULE (IDENTIFIER,NAME,ATTRIBUTE_ID) values (60,'textLength',101);
Insert into DYEXTN_RULE (IDENTIFIER,NAME,ATTRIBUTE_ID) values (61,'textLength',102);
Insert into DYEXTN_RULE (IDENTIFIER,NAME,ATTRIBUTE_ID) values (62,'textLength',103);
Insert into DYEXTN_RULE (IDENTIFIER,NAME,ATTRIBUTE_ID) values (63,'textLength',104);
Insert into DYEXTN_RULE (IDENTIFIER,NAME,ATTRIBUTE_ID) values (64,'textLength',112);
Insert into DYEXTN_RULE (IDENTIFIER,NAME,ATTRIBUTE_ID) values (65,'textLength',113);
Insert into DYEXTN_RULE (IDENTIFIER,NAME,ATTRIBUTE_ID) values (66,'number',114);
Insert into DYEXTN_RULE (IDENTIFIER,NAME,ATTRIBUTE_ID) values (67,'textLength',115);
Insert into DYEXTN_RULE (IDENTIFIER,NAME,ATTRIBUTE_ID) values (68,'textLength',116);
Insert into DYEXTN_RULE (IDENTIFIER,NAME,ATTRIBUTE_ID) values (70,'number',118);
Insert into DYEXTN_RULE (IDENTIFIER,NAME,ATTRIBUTE_ID) values (71,'date',119);
Insert into DYEXTN_RULE (IDENTIFIER,NAME,ATTRIBUTE_ID) values (72,'number',120);
Insert into DYEXTN_RULE (IDENTIFIER,NAME,ATTRIBUTE_ID) values (73,'textLength',121);
Insert into DYEXTN_RULE (IDENTIFIER,NAME,ATTRIBUTE_ID) values (74,'textLength',122);


Insert into DYEXTN_BOOLEAN_TYPE_INFO (IDENTIFIER) values (45);

Insert into DYEXTN_ENTITY (IDENTIFIER,DATA_TABLE_STATE,ENTITY_GROUP_ID,IS_ABSTRACT,PARENT_ENTITY_ID,INHERITANCE_STRATEGY,DISCRIMINATOR_COLUMN_NAME,DISCRIMINATOR_VALUE) values (3,2,1,0,null,3,null,null);
Insert into DYEXTN_ENTITY (IDENTIFIER,DATA_TABLE_STATE,ENTITY_GROUP_ID,IS_ABSTRACT,PARENT_ENTITY_ID,INHERITANCE_STRATEGY,DISCRIMINATOR_COLUMN_NAME,DISCRIMINATOR_VALUE) values (2,2,1,0,null,3,null,null);
Insert into DYEXTN_ENTITY (IDENTIFIER,DATA_TABLE_STATE,ENTITY_GROUP_ID,IS_ABSTRACT,PARENT_ENTITY_ID,INHERITANCE_STRATEGY,DISCRIMINATOR_COLUMN_NAME,DISCRIMINATOR_VALUE) values (13,2,1,0,null,3,null,null);
Insert into DYEXTN_ENTITY (IDENTIFIER,DATA_TABLE_STATE,ENTITY_GROUP_ID,IS_ABSTRACT,PARENT_ENTITY_ID,INHERITANCE_STRATEGY,DISCRIMINATOR_COLUMN_NAME,DISCRIMINATOR_VALUE) values (15,2,1,0,null,3,null,null);
Insert into DYEXTN_ENTITY (IDENTIFIER,DATA_TABLE_STATE,ENTITY_GROUP_ID,IS_ABSTRACT,PARENT_ENTITY_ID,INHERITANCE_STRATEGY,DISCRIMINATOR_COLUMN_NAME,DISCRIMINATOR_VALUE) values (18,2,1,0,null,3,null,null);
Insert into DYEXTN_ENTITY (IDENTIFIER,DATA_TABLE_STATE,ENTITY_GROUP_ID,IS_ABSTRACT,PARENT_ENTITY_ID,INHERITANCE_STRATEGY,DISCRIMINATOR_COLUMN_NAME,DISCRIMINATOR_VALUE) values (20,2,1,0,null,3,null,null);
Insert into DYEXTN_ENTITY (IDENTIFIER,DATA_TABLE_STATE,ENTITY_GROUP_ID,IS_ABSTRACT,PARENT_ENTITY_ID,INHERITANCE_STRATEGY,DISCRIMINATOR_COLUMN_NAME,DISCRIMINATOR_VALUE) values (22,2,1,0,null,3,null,null);
Insert into DYEXTN_ENTITY (IDENTIFIER,DATA_TABLE_STATE,ENTITY_GROUP_ID,IS_ABSTRACT,PARENT_ENTITY_ID,INHERITANCE_STRATEGY,DISCRIMINATOR_COLUMN_NAME,DISCRIMINATOR_VALUE) values (33,2,1,0,null,3,null,null);
Insert into DYEXTN_ENTITY (IDENTIFIER,DATA_TABLE_STATE,ENTITY_GROUP_ID,IS_ABSTRACT,PARENT_ENTITY_ID,INHERITANCE_STRATEGY,DISCRIMINATOR_COLUMN_NAME,DISCRIMINATOR_VALUE) values (35,2,1,0,null,3,null,null);
Insert into DYEXTN_ENTITY (IDENTIFIER,DATA_TABLE_STATE,ENTITY_GROUP_ID,IS_ABSTRACT,PARENT_ENTITY_ID,INHERITANCE_STRATEGY,DISCRIMINATOR_COLUMN_NAME,DISCRIMINATOR_VALUE) values (48,2,1,0,null,3,null,null);
Insert into DYEXTN_ENTITY (IDENTIFIER,DATA_TABLE_STATE,ENTITY_GROUP_ID,IS_ABSTRACT,PARENT_ENTITY_ID,INHERITANCE_STRATEGY,DISCRIMINATOR_COLUMN_NAME,DISCRIMINATOR_VALUE) values (52,2,1,0,null,3,null,null);
Insert into DYEXTN_ENTITY (IDENTIFIER,DATA_TABLE_STATE,ENTITY_GROUP_ID,IS_ABSTRACT,PARENT_ENTITY_ID,INHERITANCE_STRATEGY,DISCRIMINATOR_COLUMN_NAME,DISCRIMINATOR_VALUE) values (57,2,1,0,null,3,null,null);
Insert into DYEXTN_ENTITY (IDENTIFIER,DATA_TABLE_STATE,ENTITY_GROUP_ID,IS_ABSTRACT,PARENT_ENTITY_ID,INHERITANCE_STRATEGY,DISCRIMINATOR_COLUMN_NAME,DISCRIMINATOR_VALUE) values (61,2,1,0,null,3,null,null);
Insert into DYEXTN_ENTITY (IDENTIFIER,DATA_TABLE_STATE,ENTITY_GROUP_ID,IS_ABSTRACT,PARENT_ENTITY_ID,INHERITANCE_STRATEGY,DISCRIMINATOR_COLUMN_NAME,DISCRIMINATOR_VALUE) values (32,2,1,0,33,3,null,null);
Insert into DYEXTN_ENTITY (IDENTIFIER,DATA_TABLE_STATE,ENTITY_GROUP_ID,IS_ABSTRACT,PARENT_ENTITY_ID,INHERITANCE_STRATEGY,DISCRIMINATOR_COLUMN_NAME,DISCRIMINATOR_VALUE) values (91,2,1,0,null,3,null,null);
Insert into DYEXTN_ENTITY (IDENTIFIER,DATA_TABLE_STATE,ENTITY_GROUP_ID,IS_ABSTRACT,PARENT_ENTITY_ID,INHERITANCE_STRATEGY,DISCRIMINATOR_COLUMN_NAME,DISCRIMINATOR_VALUE) values (106,2,1,0,null,3,null,null);
Insert into DYEXTN_ENTITY (IDENTIFIER,DATA_TABLE_STATE,ENTITY_GROUP_ID,IS_ABSTRACT,PARENT_ENTITY_ID,INHERITANCE_STRATEGY,DISCRIMINATOR_COLUMN_NAME,DISCRIMINATOR_VALUE) values (109,2,1,0,null,3,null,null);

Insert into DYEXTN_DOUBLE_TYPE_INFO (IDENTIFIER) values (43);

Insert into DYEXTN_LONG_TYPE_INFO (IDENTIFIER) values (1);
Insert into DYEXTN_LONG_TYPE_INFO (IDENTIFIER) values (6);
Insert into DYEXTN_LONG_TYPE_INFO (IDENTIFIER) values (10);
Insert into DYEXTN_LONG_TYPE_INFO (IDENTIFIER) values (12);
Insert into DYEXTN_LONG_TYPE_INFO (IDENTIFIER) values (13);
Insert into DYEXTN_LONG_TYPE_INFO (IDENTIFIER) values (17);
Insert into DYEXTN_LONG_TYPE_INFO (IDENTIFIER) values (20);
Insert into DYEXTN_LONG_TYPE_INFO (IDENTIFIER) values (25);
Insert into DYEXTN_LONG_TYPE_INFO (IDENTIFIER) values (28);
Insert into DYEXTN_LONG_TYPE_INFO (IDENTIFIER) values (30);
Insert into DYEXTN_LONG_TYPE_INFO (IDENTIFIER) values (32);
Insert into DYEXTN_LONG_TYPE_INFO (IDENTIFIER) values (37);
Insert into DYEXTN_LONG_TYPE_INFO (IDENTIFIER) values (42);
Insert into DYEXTN_LONG_TYPE_INFO (IDENTIFIER) values (46);
Insert into DYEXTN_LONG_TYPE_INFO (IDENTIFIER) values (49);
Insert into DYEXTN_LONG_TYPE_INFO (IDENTIFIER) values (59);
Insert into DYEXTN_LONG_TYPE_INFO (IDENTIFIER) values (67);
Insert into DYEXTN_LONG_TYPE_INFO (IDENTIFIER) values (71);
Insert into DYEXTN_LONG_TYPE_INFO (IDENTIFIER) values (73);

Insert into DYEXTN_STRING_TYPE_INFO (IDENTIFIER,MAX_SIZE) values (2,10);
Insert into DYEXTN_STRING_TYPE_INFO (IDENTIFIER,MAX_SIZE) values (3,10);
Insert into DYEXTN_STRING_TYPE_INFO (IDENTIFIER,MAX_SIZE) values (4,10);
Insert into DYEXTN_STRING_TYPE_INFO (IDENTIFIER,MAX_SIZE) values (5,10);
Insert into DYEXTN_STRING_TYPE_INFO (IDENTIFIER,MAX_SIZE) values (7,10);
Insert into DYEXTN_STRING_TYPE_INFO (IDENTIFIER,MAX_SIZE) values (8,10);
Insert into DYEXTN_STRING_TYPE_INFO (IDENTIFIER,MAX_SIZE) values (9,10);
Insert into DYEXTN_STRING_TYPE_INFO (IDENTIFIER,MAX_SIZE) values (11,10);
Insert into DYEXTN_STRING_TYPE_INFO (IDENTIFIER,MAX_SIZE) values (14,10);
Insert into DYEXTN_STRING_TYPE_INFO (IDENTIFIER,MAX_SIZE) values (15,10);
Insert into DYEXTN_STRING_TYPE_INFO (IDENTIFIER,MAX_SIZE) values (16,10);
Insert into DYEXTN_STRING_TYPE_INFO (IDENTIFIER,MAX_SIZE) values (18,10);
Insert into DYEXTN_STRING_TYPE_INFO (IDENTIFIER,MAX_SIZE) values (19,10);
Insert into DYEXTN_STRING_TYPE_INFO (IDENTIFIER,MAX_SIZE) values (21,10);
Insert into DYEXTN_STRING_TYPE_INFO (IDENTIFIER,MAX_SIZE) values (22,10);
Insert into DYEXTN_STRING_TYPE_INFO (IDENTIFIER,MAX_SIZE) values (24,10);
Insert into DYEXTN_STRING_TYPE_INFO (IDENTIFIER,MAX_SIZE) values (27,10);
Insert into DYEXTN_STRING_TYPE_INFO (IDENTIFIER,MAX_SIZE) values (29,10);
Insert into DYEXTN_STRING_TYPE_INFO (IDENTIFIER,MAX_SIZE) values (31,10);
Insert into DYEXTN_STRING_TYPE_INFO (IDENTIFIER,MAX_SIZE) values (33,10);
Insert into DYEXTN_STRING_TYPE_INFO (IDENTIFIER,MAX_SIZE) values (35,10);
Insert into DYEXTN_STRING_TYPE_INFO (IDENTIFIER,MAX_SIZE) values (36,10);
Insert into DYEXTN_STRING_TYPE_INFO (IDENTIFIER,MAX_SIZE) values (40,10);
Insert into DYEXTN_STRING_TYPE_INFO (IDENTIFIER,MAX_SIZE) values (41,10);
Insert into DYEXTN_STRING_TYPE_INFO (IDENTIFIER,MAX_SIZE) values (47,10);
Insert into DYEXTN_STRING_TYPE_INFO (IDENTIFIER,MAX_SIZE) values (48,10);
Insert into DYEXTN_STRING_TYPE_INFO (IDENTIFIER,MAX_SIZE) values (52,10);
Insert into DYEXTN_STRING_TYPE_INFO (IDENTIFIER,MAX_SIZE) values (53,10);
Insert into DYEXTN_STRING_TYPE_INFO (IDENTIFIER,MAX_SIZE) values (56,10);
Insert into DYEXTN_STRING_TYPE_INFO (IDENTIFIER,MAX_SIZE) values (57,10);
Insert into DYEXTN_STRING_TYPE_INFO (IDENTIFIER,MAX_SIZE) values (58,10);
Insert into DYEXTN_STRING_TYPE_INFO (IDENTIFIER,MAX_SIZE) values (60,10);
Insert into DYEXTN_STRING_TYPE_INFO (IDENTIFIER,MAX_SIZE) values (61,10);
Insert into DYEXTN_STRING_TYPE_INFO (IDENTIFIER,MAX_SIZE) values (62,10);
Insert into DYEXTN_STRING_TYPE_INFO (IDENTIFIER,MAX_SIZE) values (63,10);
Insert into DYEXTN_STRING_TYPE_INFO (IDENTIFIER,MAX_SIZE) values (64,10);
Insert into DYEXTN_STRING_TYPE_INFO (IDENTIFIER,MAX_SIZE) values (65,10);
Insert into DYEXTN_STRING_TYPE_INFO (IDENTIFIER,MAX_SIZE) values (66,10);
Insert into DYEXTN_STRING_TYPE_INFO (IDENTIFIER,MAX_SIZE) values (68,10);
Insert into DYEXTN_STRING_TYPE_INFO (IDENTIFIER,MAX_SIZE) values (69,10);
Insert into DYEXTN_STRING_TYPE_INFO (IDENTIFIER,MAX_SIZE) values (70,10);
Insert into DYEXTN_STRING_TYPE_INFO (IDENTIFIER,MAX_SIZE) values (74,10);
Insert into DYEXTN_STRING_TYPE_INFO (IDENTIFIER,MAX_SIZE) values (75,10);


Insert into DYEXTN_TAGGED_VALUE (T_KEY,T_VALUE,ABSTRACT_METADATA_ID) values ('PackageName','catissueSuite_wid',1);
Insert into DYEXTN_TAGGED_VALUE (T_KEY,T_VALUE,ABSTRACT_METADATA_ID) values ('caB2BEntityGroup','caB2BEntityGroup',1);
Insert into DYEXTN_TAGGED_VALUE (T_KEY,T_VALUE,ABSTRACT_METADATA_ID) values ('MetadataEntityGroup','MetadataEntityGroup',1);


Insert into DYEXTN_ATTRIBUTE (IDENTIFIER,ENTIY_ID) values (4,3);
Insert into DYEXTN_ATTRIBUTE (IDENTIFIER,ENTIY_ID) values (5,2);
Insert into DYEXTN_ATTRIBUTE (IDENTIFIER,ENTIY_ID) values (6,2);
Insert into DYEXTN_ATTRIBUTE (IDENTIFIER,ENTIY_ID) values (7,2);
Insert into DYEXTN_ATTRIBUTE (IDENTIFIER,ENTIY_ID) values (8,2);
Insert into DYEXTN_ATTRIBUTE (IDENTIFIER,ENTIY_ID) values (9,2);
Insert into DYEXTN_ATTRIBUTE (IDENTIFIER,ENTIY_ID) values (10,2);
Insert into DYEXTN_ATTRIBUTE (IDENTIFIER,ENTIY_ID) values (11,2);
Insert into DYEXTN_ATTRIBUTE (IDENTIFIER,ENTIY_ID) values (12,2);
Insert into DYEXTN_ATTRIBUTE (IDENTIFIER,ENTIY_ID) values (16,15);
Insert into DYEXTN_ATTRIBUTE (IDENTIFIER,ENTIY_ID) values (23,22);
Insert into DYEXTN_ATTRIBUTE (IDENTIFIER,ENTIY_ID) values (24,22);
Insert into DYEXTN_ATTRIBUTE (IDENTIFIER,ENTIY_ID) values (25,22);
Insert into DYEXTN_ATTRIBUTE (IDENTIFIER,ENTIY_ID) values (21,20);
Insert into DYEXTN_ATTRIBUTE (IDENTIFIER,ENTIY_ID) values (26,20);
Insert into DYEXTN_ATTRIBUTE (IDENTIFIER,ENTIY_ID) values (27,20);
Insert into DYEXTN_ATTRIBUTE (IDENTIFIER,ENTIY_ID) values (28,20);
Insert into DYEXTN_ATTRIBUTE (IDENTIFIER,ENTIY_ID) values (29,20);
Insert into DYEXTN_ATTRIBUTE (IDENTIFIER,ENTIY_ID) values (30,20);
Insert into DYEXTN_ATTRIBUTE (IDENTIFIER,ENTIY_ID) values (19,18);
Insert into DYEXTN_ATTRIBUTE (IDENTIFIER,ENTIY_ID) values (36,35);
Insert into DYEXTN_ATTRIBUTE (IDENTIFIER,ENTIY_ID) values (37,35);
Insert into DYEXTN_ATTRIBUTE (IDENTIFIER,ENTIY_ID) values (38,35);
Insert into DYEXTN_ATTRIBUTE (IDENTIFIER,ENTIY_ID) values (39,35);
Insert into DYEXTN_ATTRIBUTE (IDENTIFIER,ENTIY_ID) values (40,35);
Insert into DYEXTN_ATTRIBUTE (IDENTIFIER,ENTIY_ID) values (41,35);
Insert into DYEXTN_ATTRIBUTE (IDENTIFIER,ENTIY_ID) values (42,35);
Insert into DYEXTN_ATTRIBUTE (IDENTIFIER,ENTIY_ID) values (43,35);
Insert into DYEXTN_ATTRIBUTE (IDENTIFIER,ENTIY_ID) values (44,35);
Insert into DYEXTN_ATTRIBUTE (IDENTIFIER,ENTIY_ID) values (45,35);
Insert into DYEXTN_ATTRIBUTE (IDENTIFIER,ENTIY_ID) values (46,35);
Insert into DYEXTN_ATTRIBUTE (IDENTIFIER,ENTIY_ID) values (49,48);
Insert into DYEXTN_ATTRIBUTE (IDENTIFIER,ENTIY_ID) values (50,48);
Insert into DYEXTN_ATTRIBUTE (IDENTIFIER,ENTIY_ID) values (47,35);
Insert into DYEXTN_ATTRIBUTE (IDENTIFIER,ENTIY_ID) values (53,52);
Insert into DYEXTN_ATTRIBUTE (IDENTIFIER,ENTIY_ID) values (54,52);
Insert into DYEXTN_ATTRIBUTE (IDENTIFIER,ENTIY_ID) values (55,52);
Insert into DYEXTN_ATTRIBUTE (IDENTIFIER,ENTIY_ID) values (51,35);
Insert into DYEXTN_ATTRIBUTE (IDENTIFIER,ENTIY_ID) values (58,57);
Insert into DYEXTN_ATTRIBUTE (IDENTIFIER,ENTIY_ID) values (59,57);
Insert into DYEXTN_ATTRIBUTE (IDENTIFIER,ENTIY_ID) values (56,35);
Insert into DYEXTN_ATTRIBUTE (IDENTIFIER,ENTIY_ID) values (62,61);
Insert into DYEXTN_ATTRIBUTE (IDENTIFIER,ENTIY_ID) values (63,61);
Insert into DYEXTN_ATTRIBUTE (IDENTIFIER,ENTIY_ID) values (60,35);
Insert into DYEXTN_ATTRIBUTE (IDENTIFIER,ENTIY_ID) values (34,33);
Insert into DYEXTN_ATTRIBUTE (IDENTIFIER,ENTIY_ID) values (64,33);
Insert into DYEXTN_ATTRIBUTE (IDENTIFIER,ENTIY_ID) values (65,33);
Insert into DYEXTN_ATTRIBUTE (IDENTIFIER,ENTIY_ID) values (66,33);
Insert into DYEXTN_ATTRIBUTE (IDENTIFIER,ENTIY_ID) values (67,33);
Insert into DYEXTN_ATTRIBUTE (IDENTIFIER,ENTIY_ID) values (68,33);
Insert into DYEXTN_ATTRIBUTE (IDENTIFIER,ENTIY_ID) values (69,33);
Insert into DYEXTN_ATTRIBUTE (IDENTIFIER,ENTIY_ID) values (70,33);
Insert into DYEXTN_ATTRIBUTE (IDENTIFIER,ENTIY_ID) values (71,33);
Insert into DYEXTN_ATTRIBUTE (IDENTIFIER,ENTIY_ID) values (72,33);
Insert into DYEXTN_ATTRIBUTE (IDENTIFIER,ENTIY_ID) values (73,32);
Insert into DYEXTN_ATTRIBUTE (IDENTIFIER,ENTIY_ID) values (74,32);
Insert into DYEXTN_ATTRIBUTE (IDENTIFIER,ENTIY_ID) values (75,32);
Insert into DYEXTN_ATTRIBUTE (IDENTIFIER,ENTIY_ID) values (76,32);
Insert into DYEXTN_ATTRIBUTE (IDENTIFIER,ENTIY_ID) values (31,18);
Insert into DYEXTN_ATTRIBUTE (IDENTIFIER,ENTIY_ID) values (77,18);
Insert into DYEXTN_ATTRIBUTE (IDENTIFIER,ENTIY_ID) values (78,18);
Insert into DYEXTN_ATTRIBUTE (IDENTIFIER,ENTIY_ID) values (79,18);
Insert into DYEXTN_ATTRIBUTE (IDENTIFIER,ENTIY_ID) values (80,18);
Insert into DYEXTN_ATTRIBUTE (IDENTIFIER,ENTIY_ID) values (81,18);
Insert into DYEXTN_ATTRIBUTE (IDENTIFIER,ENTIY_ID) values (82,18);
Insert into DYEXTN_ATTRIBUTE (IDENTIFIER,ENTIY_ID) values (83,18);
Insert into DYEXTN_ATTRIBUTE (IDENTIFIER,ENTIY_ID) values (17,15);
Insert into DYEXTN_ATTRIBUTE (IDENTIFIER,ENTIY_ID) values (84,15);
Insert into DYEXTN_ATTRIBUTE (IDENTIFIER,ENTIY_ID) values (85,15);
Insert into DYEXTN_ATTRIBUTE (IDENTIFIER,ENTIY_ID) values (86,15);
Insert into DYEXTN_ATTRIBUTE (IDENTIFIER,ENTIY_ID) values (87,15);
Insert into DYEXTN_ATTRIBUTE (IDENTIFIER,ENTIY_ID) values (88,15);
Insert into DYEXTN_ATTRIBUTE (IDENTIFIER,ENTIY_ID) values (14,13);
Insert into DYEXTN_ATTRIBUTE (IDENTIFIER,ENTIY_ID) values (89,13);
Insert into DYEXTN_ATTRIBUTE (IDENTIFIER,ENTIY_ID) values (92,91);
Insert into DYEXTN_ATTRIBUTE (IDENTIFIER,ENTIY_ID) values (93,91);
Insert into DYEXTN_ATTRIBUTE (IDENTIFIER,ENTIY_ID) values (94,91);
Insert into DYEXTN_ATTRIBUTE (IDENTIFIER,ENTIY_ID) values (95,91);
Insert into DYEXTN_ATTRIBUTE (IDENTIFIER,ENTIY_ID) values (96,91);
Insert into DYEXTN_ATTRIBUTE (IDENTIFIER,ENTIY_ID) values (97,91);
Insert into DYEXTN_ATTRIBUTE (IDENTIFIER,ENTIY_ID) values (98,91);
Insert into DYEXTN_ATTRIBUTE (IDENTIFIER,ENTIY_ID) values (99,91);
Insert into DYEXTN_ATTRIBUTE (IDENTIFIER,ENTIY_ID) values (100,91);
Insert into DYEXTN_ATTRIBUTE (IDENTIFIER,ENTIY_ID) values (101,91);
Insert into DYEXTN_ATTRIBUTE (IDENTIFIER,ENTIY_ID) values (102,91);
Insert into DYEXTN_ATTRIBUTE (IDENTIFIER,ENTIY_ID) values (103,91);
Insert into DYEXTN_ATTRIBUTE (IDENTIFIER,ENTIY_ID) values (104,91);
Insert into DYEXTN_ATTRIBUTE (IDENTIFIER,ENTIY_ID) values (107,106);
Insert into DYEXTN_ATTRIBUTE (IDENTIFIER,ENTIY_ID) values (110,109);
Insert into DYEXTN_ATTRIBUTE (IDENTIFIER,ENTIY_ID) values (111,109);
Insert into DYEXTN_ATTRIBUTE (IDENTIFIER,ENTIY_ID) values (112,109);
Insert into DYEXTN_ATTRIBUTE (IDENTIFIER,ENTIY_ID) values (113,109);
Insert into DYEXTN_ATTRIBUTE (IDENTIFIER,ENTIY_ID) values (114,109);
Insert into DYEXTN_ATTRIBUTE (IDENTIFIER,ENTIY_ID) values (115,109);
Insert into DYEXTN_ATTRIBUTE (IDENTIFIER,ENTIY_ID) values (116,109);
Insert into DYEXTN_ATTRIBUTE (IDENTIFIER,ENTIY_ID) values (108,106);
Insert into DYEXTN_ATTRIBUTE (IDENTIFIER,ENTIY_ID) values (117,106);
Insert into DYEXTN_ATTRIBUTE (IDENTIFIER,ENTIY_ID) values (118,106);
Insert into DYEXTN_ATTRIBUTE (IDENTIFIER,ENTIY_ID) values (105,91);
Insert into DYEXTN_ATTRIBUTE (IDENTIFIER,ENTIY_ID) values (90,13);
Insert into DYEXTN_ATTRIBUTE (IDENTIFIER,ENTIY_ID) values (119,13);
Insert into DYEXTN_ATTRIBUTE (IDENTIFIER,ENTIY_ID) values (120,13);
Insert into DYEXTN_ATTRIBUTE (IDENTIFIER,ENTIY_ID) values (121,13);
Insert into DYEXTN_ATTRIBUTE (IDENTIFIER,ENTIY_ID) values (122,13);


Insert into DYEXTN_ROLE (IDENTIFIER,ASSOCIATION_TYPE,MAX_CARDINALITY,MIN_CARDINALITY,NAME) values (1,'ASSOCIATION',100,1,'eventEntryCollection');
Insert into DYEXTN_ROLE (IDENTIFIER,ASSOCIATION_TYPE,MAX_CARDINALITY,MIN_CARDINALITY,NAME) values (2,'ASSOCIATION',1,1,'clinicalStudyRegistration');
Insert into DYEXTN_ROLE (IDENTIFIER,ASSOCIATION_TYPE,MAX_CARDINALITY,MIN_CARDINALITY,NAME) values (3,'ASSOCIATION',100,1,'recordEntryCollection');
Insert into DYEXTN_ROLE (IDENTIFIER,ASSOCIATION_TYPE,MAX_CARDINALITY,MIN_CARDINALITY,NAME) values (4,'ASSOCIATION',1,1,'studyFormContext');
Insert into DYEXTN_ROLE (IDENTIFIER,ASSOCIATION_TYPE,MAX_CARDINALITY,MIN_CARDINALITY,NAME) values (5,'ASSOCIATION',100,1,'recordEntryCollection');
Insert into DYEXTN_ROLE (IDENTIFIER,ASSOCIATION_TYPE,MAX_CARDINALITY,MIN_CARDINALITY,NAME) values (6,'ASSOCIATION',1,1,'eventEntry');
Insert into DYEXTN_ROLE (IDENTIFIER,ASSOCIATION_TYPE,MAX_CARDINALITY,MIN_CARDINALITY,NAME) values (7,'ASSOCIATION',100,0,'studyFormContextCollection');
Insert into DYEXTN_ROLE (IDENTIFIER,ASSOCIATION_TYPE,MAX_CARDINALITY,MIN_CARDINALITY,NAME) values (8,'ASSOCIATION',1,1,'clinicalStudyEvent');
Insert into DYEXTN_ROLE (IDENTIFIER,ASSOCIATION_TYPE,MAX_CARDINALITY,MIN_CARDINALITY,NAME) values (9,'ASSOCIATION',1,1,null);
Insert into DYEXTN_ROLE (IDENTIFIER,ASSOCIATION_TYPE,MAX_CARDINALITY,MIN_CARDINALITY,NAME) values (10,'ASSOCIATION',1,1,'address');
Insert into DYEXTN_ROLE (IDENTIFIER,ASSOCIATION_TYPE,MAX_CARDINALITY,MIN_CARDINALITY,NAME) values (11,'ASSOCIATION',100,0,'coordinatorCollection');
Insert into DYEXTN_ROLE (IDENTIFIER,ASSOCIATION_TYPE,MAX_CARDINALITY,MIN_CARDINALITY,NAME) values (12,'ASSOCIATION',100,0,'clinicalStudyCollection');
Insert into DYEXTN_ROLE (IDENTIFIER,ASSOCIATION_TYPE,MAX_CARDINALITY,MIN_CARDINALITY,NAME) values (13,'ASSOCIATION',100,0,null);
Insert into DYEXTN_ROLE (IDENTIFIER,ASSOCIATION_TYPE,MAX_CARDINALITY,MIN_CARDINALITY,NAME) values (14,'ASSOCIATION',1,1,'department');
Insert into DYEXTN_ROLE (IDENTIFIER,ASSOCIATION_TYPE,MAX_CARDINALITY,MIN_CARDINALITY,NAME) values (15,'ASSOCIATION',1,1,null);
Insert into DYEXTN_ROLE (IDENTIFIER,ASSOCIATION_TYPE,MAX_CARDINALITY,MIN_CARDINALITY,NAME) values (16,'ASSOCIATION',100,1,'passwordCollection');
Insert into DYEXTN_ROLE (IDENTIFIER,ASSOCIATION_TYPE,MAX_CARDINALITY,MIN_CARDINALITY,NAME) values (17,'ASSOCIATION',100,0,null);
Insert into DYEXTN_ROLE (IDENTIFIER,ASSOCIATION_TYPE,MAX_CARDINALITY,MIN_CARDINALITY,NAME) values (18,'ASSOCIATION',1,1,'cancerResearchGroup');
Insert into DYEXTN_ROLE (IDENTIFIER,ASSOCIATION_TYPE,MAX_CARDINALITY,MIN_CARDINALITY,NAME) values (19,'ASSOCIATION',100,0,null);
Insert into DYEXTN_ROLE (IDENTIFIER,ASSOCIATION_TYPE,MAX_CARDINALITY,MIN_CARDINALITY,NAME) values (20,'ASSOCIATION',1,1,'institution');
Insert into DYEXTN_ROLE (IDENTIFIER,ASSOCIATION_TYPE,MAX_CARDINALITY,MIN_CARDINALITY,NAME) values (21,'ASSOCIATION',100,0,null);
Insert into DYEXTN_ROLE (IDENTIFIER,ASSOCIATION_TYPE,MAX_CARDINALITY,MIN_CARDINALITY,NAME) values (22,'ASSOCIATION',1,1,'principalInvestigator');
Insert into DYEXTN_ROLE (IDENTIFIER,ASSOCIATION_TYPE,MAX_CARDINALITY,MIN_CARDINALITY,NAME) values (23,'ASSOCIATION',1,1,'clinicalStudy');
Insert into DYEXTN_ROLE (IDENTIFIER,ASSOCIATION_TYPE,MAX_CARDINALITY,MIN_CARDINALITY,NAME) values (24,'ASSOCIATION',100,0,'clinicalStudyRegistrationCollection');
Insert into DYEXTN_ROLE (IDENTIFIER,ASSOCIATION_TYPE,MAX_CARDINALITY,MIN_CARDINALITY,NAME) values (25,'ASSOCIATION',1,1,'clinicalStudy');
Insert into DYEXTN_ROLE (IDENTIFIER,ASSOCIATION_TYPE,MAX_CARDINALITY,MIN_CARDINALITY,NAME) values (26,'ASSOCIATION',100,0,'clinicalStudyEventCollection');
Insert into DYEXTN_ROLE (IDENTIFIER,ASSOCIATION_TYPE,MAX_CARDINALITY,MIN_CARDINALITY,NAME) values (27,'ASSOCIATION',1,1,'clinicalStudyEvent');
Insert into DYEXTN_ROLE (IDENTIFIER,ASSOCIATION_TYPE,MAX_CARDINALITY,MIN_CARDINALITY,NAME) values (28,'ASSOCIATION',100,1,'eventEntryCollection');
Insert into DYEXTN_ROLE (IDENTIFIER,ASSOCIATION_TYPE,MAX_CARDINALITY,MIN_CARDINALITY,NAME) values (29,'ASSOCIATION',1,1,'participant');
Insert into DYEXTN_ROLE (IDENTIFIER,ASSOCIATION_TYPE,MAX_CARDINALITY,MIN_CARDINALITY,NAME) values (30,'ASSOCIATION',100,0,'clinicalStudyRegistrationCollection');
Insert into DYEXTN_ROLE (IDENTIFIER,ASSOCIATION_TYPE,MAX_CARDINALITY,MIN_CARDINALITY,NAME) values (31,'ASSOCIATION',100,0,'participantMedicalIdentifierCollection');
Insert into DYEXTN_ROLE (IDENTIFIER,ASSOCIATION_TYPE,MAX_CARDINALITY,MIN_CARDINALITY,NAME) values (32,'ASSOCIATION',1,1,'participant');
Insert into DYEXTN_ROLE (IDENTIFIER,ASSOCIATION_TYPE,MAX_CARDINALITY,MIN_CARDINALITY,NAME) values (33,'ASSOCIATION',1,1,null);
Insert into DYEXTN_ROLE (IDENTIFIER,ASSOCIATION_TYPE,MAX_CARDINALITY,MIN_CARDINALITY,NAME) values (34,'ASSOCIATION',1,1,'address');
Insert into DYEXTN_ROLE (IDENTIFIER,ASSOCIATION_TYPE,MAX_CARDINALITY,MIN_CARDINALITY,NAME) values (35,'ASSOCIATION',100,0,null);
Insert into DYEXTN_ROLE (IDENTIFIER,ASSOCIATION_TYPE,MAX_CARDINALITY,MIN_CARDINALITY,NAME) values (36,'ASSOCIATION',1,1,'coordinator');
Insert into DYEXTN_ROLE (IDENTIFIER,ASSOCIATION_TYPE,MAX_CARDINALITY,MIN_CARDINALITY,NAME) values (37,'ASSOCIATION',100,0,null);
Insert into DYEXTN_ROLE (IDENTIFIER,ASSOCIATION_TYPE,MAX_CARDINALITY,MIN_CARDINALITY,NAME) values (38,'ASSOCIATION',1,1,'site');


Insert into DYEXTN_NUMERIC_TYPE_INFO (IDENTIFIER,MEASUREMENT_UNITS,DECIMAL_PLACES,NO_DIGITS) values (1,null,0,null);
Insert into DYEXTN_NUMERIC_TYPE_INFO (IDENTIFIER,MEASUREMENT_UNITS,DECIMAL_PLACES,NO_DIGITS) values (6,null,0,null);
Insert into DYEXTN_NUMERIC_TYPE_INFO (IDENTIFIER,MEASUREMENT_UNITS,DECIMAL_PLACES,NO_DIGITS) values (10,null,0,null);
Insert into DYEXTN_NUMERIC_TYPE_INFO (IDENTIFIER,MEASUREMENT_UNITS,DECIMAL_PLACES,NO_DIGITS) values (12,null,0,null);
Insert into DYEXTN_NUMERIC_TYPE_INFO (IDENTIFIER,MEASUREMENT_UNITS,DECIMAL_PLACES,NO_DIGITS) values (13,null,0,null);
Insert into DYEXTN_NUMERIC_TYPE_INFO (IDENTIFIER,MEASUREMENT_UNITS,DECIMAL_PLACES,NO_DIGITS) values (17,null,0,null);
Insert into DYEXTN_NUMERIC_TYPE_INFO (IDENTIFIER,MEASUREMENT_UNITS,DECIMAL_PLACES,NO_DIGITS) values (20,null,0,null);
Insert into DYEXTN_NUMERIC_TYPE_INFO (IDENTIFIER,MEASUREMENT_UNITS,DECIMAL_PLACES,NO_DIGITS) values (25,null,0,null);
Insert into DYEXTN_NUMERIC_TYPE_INFO (IDENTIFIER,MEASUREMENT_UNITS,DECIMAL_PLACES,NO_DIGITS) values (28,null,0,null);
Insert into DYEXTN_NUMERIC_TYPE_INFO (IDENTIFIER,MEASUREMENT_UNITS,DECIMAL_PLACES,NO_DIGITS) values (30,null,0,null);
Insert into DYEXTN_NUMERIC_TYPE_INFO (IDENTIFIER,MEASUREMENT_UNITS,DECIMAL_PLACES,NO_DIGITS) values (32,null,0,null);
Insert into DYEXTN_NUMERIC_TYPE_INFO (IDENTIFIER,MEASUREMENT_UNITS,DECIMAL_PLACES,NO_DIGITS) values (37,null,0,null);
Insert into DYEXTN_NUMERIC_TYPE_INFO (IDENTIFIER,MEASUREMENT_UNITS,DECIMAL_PLACES,NO_DIGITS) values (38,null,0,null);
Insert into DYEXTN_NUMERIC_TYPE_INFO (IDENTIFIER,MEASUREMENT_UNITS,DECIMAL_PLACES,NO_DIGITS) values (42,null,0,null);
Insert into DYEXTN_NUMERIC_TYPE_INFO (IDENTIFIER,MEASUREMENT_UNITS,DECIMAL_PLACES,NO_DIGITS) values (43,null,0,null);
Insert into DYEXTN_NUMERIC_TYPE_INFO (IDENTIFIER,MEASUREMENT_UNITS,DECIMAL_PLACES,NO_DIGITS) values (44,null,0,null);
Insert into DYEXTN_NUMERIC_TYPE_INFO (IDENTIFIER,MEASUREMENT_UNITS,DECIMAL_PLACES,NO_DIGITS) values (46,null,0,null);
Insert into DYEXTN_NUMERIC_TYPE_INFO (IDENTIFIER,MEASUREMENT_UNITS,DECIMAL_PLACES,NO_DIGITS) values (49,null,0,null);
Insert into DYEXTN_NUMERIC_TYPE_INFO (IDENTIFIER,MEASUREMENT_UNITS,DECIMAL_PLACES,NO_DIGITS) values (50,null,0,null);
Insert into DYEXTN_NUMERIC_TYPE_INFO (IDENTIFIER,MEASUREMENT_UNITS,DECIMAL_PLACES,NO_DIGITS) values (59,null,0,null);
Insert into DYEXTN_NUMERIC_TYPE_INFO (IDENTIFIER,MEASUREMENT_UNITS,DECIMAL_PLACES,NO_DIGITS) values (67,null,0,null);
Insert into DYEXTN_NUMERIC_TYPE_INFO (IDENTIFIER,MEASUREMENT_UNITS,DECIMAL_PLACES,NO_DIGITS) values (71,null,0,null);
Insert into DYEXTN_NUMERIC_TYPE_INFO (IDENTIFIER,MEASUREMENT_UNITS,DECIMAL_PLACES,NO_DIGITS) values (73,null,0,null);

Insert into ASSOCIATION (ASSOCIATION_ID,ASSOCIATION_TYPE) values (1,2);
Insert into ASSOCIATION (ASSOCIATION_ID,ASSOCIATION_TYPE) values (3,2);
Insert into ASSOCIATION (ASSOCIATION_ID,ASSOCIATION_TYPE) values (5,2);
Insert into ASSOCIATION (ASSOCIATION_ID,ASSOCIATION_TYPE) values (7,2);
Insert into ASSOCIATION (ASSOCIATION_ID,ASSOCIATION_TYPE) values (9,2);
Insert into ASSOCIATION (ASSOCIATION_ID,ASSOCIATION_TYPE) values (11,2);
Insert into ASSOCIATION (ASSOCIATION_ID,ASSOCIATION_TYPE) values (13,2);
Insert into ASSOCIATION (ASSOCIATION_ID,ASSOCIATION_TYPE) values (15,2);
Insert into ASSOCIATION (ASSOCIATION_ID,ASSOCIATION_TYPE) values (17,2);
Insert into ASSOCIATION (ASSOCIATION_ID,ASSOCIATION_TYPE) values (19,2);
Insert into ASSOCIATION (ASSOCIATION_ID,ASSOCIATION_TYPE) values (21,2);
Insert into ASSOCIATION (ASSOCIATION_ID,ASSOCIATION_TYPE) values (23,2);
Insert into ASSOCIATION (ASSOCIATION_ID,ASSOCIATION_TYPE) values (25,2);
Insert into ASSOCIATION (ASSOCIATION_ID,ASSOCIATION_TYPE) values (27,2);
Insert into ASSOCIATION (ASSOCIATION_ID,ASSOCIATION_TYPE) values (2,2);
Insert into ASSOCIATION (ASSOCIATION_ID,ASSOCIATION_TYPE) values (4,2);
Insert into ASSOCIATION (ASSOCIATION_ID,ASSOCIATION_TYPE) values (6,2);
Insert into ASSOCIATION (ASSOCIATION_ID,ASSOCIATION_TYPE) values (8,2);
Insert into ASSOCIATION (ASSOCIATION_ID,ASSOCIATION_TYPE) values (10,2);
Insert into ASSOCIATION (ASSOCIATION_ID,ASSOCIATION_TYPE) values (12,2);
Insert into ASSOCIATION (ASSOCIATION_ID,ASSOCIATION_TYPE) values (14,2);
Insert into ASSOCIATION (ASSOCIATION_ID,ASSOCIATION_TYPE) values (16,2);
Insert into ASSOCIATION (ASSOCIATION_ID,ASSOCIATION_TYPE) values (18,2);
Insert into ASSOCIATION (ASSOCIATION_ID,ASSOCIATION_TYPE) values (20,2);
Insert into ASSOCIATION (ASSOCIATION_ID,ASSOCIATION_TYPE) values (22,2);
Insert into ASSOCIATION (ASSOCIATION_ID,ASSOCIATION_TYPE) values (24,2);
Insert into ASSOCIATION (ASSOCIATION_ID,ASSOCIATION_TYPE) values (26,2);
Insert into ASSOCIATION (ASSOCIATION_ID,ASSOCIATION_TYPE) values (28,2);
Insert into ASSOCIATION (ASSOCIATION_ID,ASSOCIATION_TYPE) values (29,2);

Insert into DYEXTN_ABSTRACT_METADATA (IDENTIFIER,CREATED_DATE,DESCRIPTION,LAST_UPDATED,NAME,PUBLIC_ID) values (1,null,'catissueSuite_wid',null,'catissueSuite_wid',null);
Insert into DYEXTN_ABSTRACT_METADATA (IDENTIFIER,CREATED_DATE,DESCRIPTION,LAST_UPDATED,NAME,PUBLIC_ID) values (3,'2008-02-14','edu.wustl.clinportal.domain.AbstractDomainObject','2008-02-14','edu.wustl.clinportal.domain.AbstractDomainObject',null);
Insert into DYEXTN_ABSTRACT_METADATA (IDENTIFIER,CREATED_DATE,DESCRIPTION,LAST_UPDATED,NAME,PUBLIC_ID) values (4,null,null,null,'id',null);
Insert into DYEXTN_ABSTRACT_METADATA (IDENTIFIER,CREATED_DATE,DESCRIPTION,LAST_UPDATED,NAME,PUBLIC_ID) values (2,'2008-02-14','edu.wustl.clinportal.domain.Address','2008-02-14','edu.wustl.clinportal.domain.Address',null);
Insert into DYEXTN_ABSTRACT_METADATA (IDENTIFIER,CREATED_DATE,DESCRIPTION,LAST_UPDATED,NAME,PUBLIC_ID) values (5,null,null,null,'zipCode',null);
Insert into DYEXTN_ABSTRACT_METADATA (IDENTIFIER,CREATED_DATE,DESCRIPTION,LAST_UPDATED,NAME,PUBLIC_ID) values (6,null,null,null,'street',null);
Insert into DYEXTN_ABSTRACT_METADATA (IDENTIFIER,CREATED_DATE,DESCRIPTION,LAST_UPDATED,NAME,PUBLIC_ID) values (7,null,null,null,'state',null);
Insert into DYEXTN_ABSTRACT_METADATA (IDENTIFIER,CREATED_DATE,DESCRIPTION,LAST_UPDATED,NAME,PUBLIC_ID) values (8,null,null,null,'phoneNumber',null);
Insert into DYEXTN_ABSTRACT_METADATA (IDENTIFIER,CREATED_DATE,DESCRIPTION,LAST_UPDATED,NAME,PUBLIC_ID) values (9,null,null,null,'id',null);
Insert into DYEXTN_ABSTRACT_METADATA (IDENTIFIER,CREATED_DATE,DESCRIPTION,LAST_UPDATED,NAME,PUBLIC_ID) values (10,null,null,null,'faxNumber',null);
Insert into DYEXTN_ABSTRACT_METADATA (IDENTIFIER,CREATED_DATE,DESCRIPTION,LAST_UPDATED,NAME,PUBLIC_ID) values (11,null,null,null,'country',null);
Insert into DYEXTN_ABSTRACT_METADATA (IDENTIFIER,CREATED_DATE,DESCRIPTION,LAST_UPDATED,NAME,PUBLIC_ID) values (12,null,null,null,'city',null);
Insert into DYEXTN_ABSTRACT_METADATA (IDENTIFIER,CREATED_DATE,DESCRIPTION,LAST_UPDATED,NAME,PUBLIC_ID) values (13,'2008-02-14','edu.wustl.clinportal.domain.ClinicalStudyRegistration','2008-02-14','edu.wustl.clinportal.domain.ClinicalStudyRegistration',null);
Insert into DYEXTN_ABSTRACT_METADATA (IDENTIFIER,CREATED_DATE,DESCRIPTION,LAST_UPDATED,NAME,PUBLIC_ID) values (15,'2008-02-14','edu.wustl.clinportal.domain.EventEntry','2008-02-14','edu.wustl.clinportal.domain.EventEntry',null);
Insert into DYEXTN_ABSTRACT_METADATA (IDENTIFIER,CREATED_DATE,DESCRIPTION,LAST_UPDATED,NAME,PUBLIC_ID) values (16,null,null,null,'AssociationName_3null',null);
Insert into DYEXTN_ABSTRACT_METADATA (IDENTIFIER,CREATED_DATE,DESCRIPTION,LAST_UPDATED,NAME,PUBLIC_ID) values (18,'2008-02-14','edu.wustl.clinportal.domain.ClinicalStudyEvent','2008-02-14','edu.wustl.clinportal.domain.ClinicalStudyEvent',null);
Insert into DYEXTN_ABSTRACT_METADATA (IDENTIFIER,CREATED_DATE,DESCRIPTION,LAST_UPDATED,NAME,PUBLIC_ID) values (20,'2008-02-14','edu.wustl.clinportal.domain.StudyFormContext','2008-02-14','edu.wustl.clinportal.domain.StudyFormContext',null);
Insert into DYEXTN_ABSTRACT_METADATA (IDENTIFIER,CREATED_DATE,DESCRIPTION,LAST_UPDATED,NAME,PUBLIC_ID) values (22,'2008-02-14','edu.wustl.clinportal.domain.RecordEntry','2008-02-14','edu.wustl.clinportal.domain.RecordEntry',null);
Insert into DYEXTN_ABSTRACT_METADATA (IDENTIFIER,CREATED_DATE,DESCRIPTION,LAST_UPDATED,NAME,PUBLIC_ID) values (23,null,null,null,'AssociationName_2null',null);
Insert into DYEXTN_ABSTRACT_METADATA (IDENTIFIER,CREATED_DATE,DESCRIPTION,LAST_UPDATED,NAME,PUBLIC_ID) values (24,null,null,null,'AssociationName_1null',null);
Insert into DYEXTN_ABSTRACT_METADATA (IDENTIFIER,CREATED_DATE,DESCRIPTION,LAST_UPDATED,NAME,PUBLIC_ID) values (25,null,null,null,'id',null);
Insert into DYEXTN_ABSTRACT_METADATA (IDENTIFIER,CREATED_DATE,DESCRIPTION,LAST_UPDATED,NAME,PUBLIC_ID) values (21,null,null,null,'AssociationName_2',null);
Insert into DYEXTN_ABSTRACT_METADATA (IDENTIFIER,CREATED_DATE,DESCRIPTION,LAST_UPDATED,NAME,PUBLIC_ID) values (26,null,null,null,'AssociationName_3null',null);
Insert into DYEXTN_ABSTRACT_METADATA (IDENTIFIER,CREATED_DATE,DESCRIPTION,LAST_UPDATED,NAME,PUBLIC_ID) values (27,null,null,null,'studyFormLabel',null);
Insert into DYEXTN_ABSTRACT_METADATA (IDENTIFIER,CREATED_DATE,DESCRIPTION,LAST_UPDATED,NAME,PUBLIC_ID) values (28,null,null,null,'id',null);
Insert into DYEXTN_ABSTRACT_METADATA (IDENTIFIER,CREATED_DATE,DESCRIPTION,LAST_UPDATED,NAME,PUBLIC_ID) values (29,null,null,null,'containerId',null);
Insert into DYEXTN_ABSTRACT_METADATA (IDENTIFIER,CREATED_DATE,DESCRIPTION,LAST_UPDATED,NAME,PUBLIC_ID) values (30,null,null,null,'activityStatus',null);
Insert into DYEXTN_ABSTRACT_METADATA (IDENTIFIER,CREATED_DATE,DESCRIPTION,LAST_UPDATED,NAME,PUBLIC_ID) values (19,null,null,null,'AssociationName_3',null);
Insert into DYEXTN_ABSTRACT_METADATA (IDENTIFIER,CREATED_DATE,DESCRIPTION,LAST_UPDATED,NAME,PUBLIC_ID) values (33,'2008-02-14','edu.wustl.clinportal.domain.SpecimenProtocol','2008-02-14','edu.wustl.clinportal.domain.SpecimenProtocol',null);
Insert into DYEXTN_ABSTRACT_METADATA (IDENTIFIER,CREATED_DATE,DESCRIPTION,LAST_UPDATED,NAME,PUBLIC_ID) values (35,'2008-02-14','edu.wustl.clinportal.domain.User','2008-02-14','edu.wustl.clinportal.domain.User',null);
Insert into DYEXTN_ABSTRACT_METADATA (IDENTIFIER,CREATED_DATE,DESCRIPTION,LAST_UPDATED,NAME,PUBLIC_ID) values (36,null,null,null,'AssociationName_6',null);
Insert into DYEXTN_ABSTRACT_METADATA (IDENTIFIER,CREATED_DATE,DESCRIPTION,LAST_UPDATED,NAME,PUBLIC_ID) values (37,null,null,null,'AssociationName_1null',null);
Insert into DYEXTN_ABSTRACT_METADATA (IDENTIFIER,CREATED_DATE,DESCRIPTION,LAST_UPDATED,NAME,PUBLIC_ID) values (38,null,null,null,'activityStatus',null);
Insert into DYEXTN_ABSTRACT_METADATA (IDENTIFIER,CREATED_DATE,DESCRIPTION,LAST_UPDATED,NAME,PUBLIC_ID) values (39,null,null,null,'comments',null);
Insert into DYEXTN_ABSTRACT_METADATA (IDENTIFIER,CREATED_DATE,DESCRIPTION,LAST_UPDATED,NAME,PUBLIC_ID) values (40,null,null,null,'csmUserId',null);
Insert into DYEXTN_ABSTRACT_METADATA (IDENTIFIER,CREATED_DATE,DESCRIPTION,LAST_UPDATED,NAME,PUBLIC_ID) values (41,null,null,null,'emailAddress',null);
Insert into DYEXTN_ABSTRACT_METADATA (IDENTIFIER,CREATED_DATE,DESCRIPTION,LAST_UPDATED,NAME,PUBLIC_ID) values (42,null,null,null,'firstName',null);
Insert into DYEXTN_ABSTRACT_METADATA (IDENTIFIER,CREATED_DATE,DESCRIPTION,LAST_UPDATED,NAME,PUBLIC_ID) values (43,null,null,null,'id',null);
Insert into DYEXTN_ABSTRACT_METADATA (IDENTIFIER,CREATED_DATE,DESCRIPTION,LAST_UPDATED,NAME,PUBLIC_ID) values (44,null,null,null,'lastName',null);
Insert into DYEXTN_ABSTRACT_METADATA (IDENTIFIER,CREATED_DATE,DESCRIPTION,LAST_UPDATED,NAME,PUBLIC_ID) values (45,null,null,null,'loginName',null);
Insert into DYEXTN_ABSTRACT_METADATA (IDENTIFIER,CREATED_DATE,DESCRIPTION,LAST_UPDATED,NAME,PUBLIC_ID) values (46,null,null,null,'startDate',null);
Insert into DYEXTN_ABSTRACT_METADATA (IDENTIFIER,CREATED_DATE,DESCRIPTION,LAST_UPDATED,NAME,PUBLIC_ID) values (48,'2008-02-14','edu.wustl.clinportal.domain.Department','2008-02-14','edu.wustl.clinportal.domain.Department',null);
Insert into DYEXTN_ABSTRACT_METADATA (IDENTIFIER,CREATED_DATE,DESCRIPTION,LAST_UPDATED,NAME,PUBLIC_ID) values (49,null,null,null,'name',null);
Insert into DYEXTN_ABSTRACT_METADATA (IDENTIFIER,CREATED_DATE,DESCRIPTION,LAST_UPDATED,NAME,PUBLIC_ID) values (50,null,null,null,'id',null);
Insert into DYEXTN_ABSTRACT_METADATA (IDENTIFIER,CREATED_DATE,DESCRIPTION,LAST_UPDATED,NAME,PUBLIC_ID) values (47,null,null,null,'AssociationName_1',null);
Insert into DYEXTN_ABSTRACT_METADATA (IDENTIFIER,CREATED_DATE,DESCRIPTION,LAST_UPDATED,NAME,PUBLIC_ID) values (52,'2008-02-14','edu.wustl.clinportal.domain.Password','2008-02-14','edu.wustl.clinportal.domain.Password',null);
Insert into DYEXTN_ABSTRACT_METADATA (IDENTIFIER,CREATED_DATE,DESCRIPTION,LAST_UPDATED,NAME,PUBLIC_ID) values (53,null,null,null,'updateDate',null);
Insert into DYEXTN_ABSTRACT_METADATA (IDENTIFIER,CREATED_DATE,DESCRIPTION,LAST_UPDATED,NAME,PUBLIC_ID) values (54,null,null,null,'password',null);
Insert into DYEXTN_ABSTRACT_METADATA (IDENTIFIER,CREATED_DATE,DESCRIPTION,LAST_UPDATED,NAME,PUBLIC_ID) values (55,null,null,null,'id',null);
Insert into DYEXTN_ABSTRACT_METADATA (IDENTIFIER,CREATED_DATE,DESCRIPTION,LAST_UPDATED,NAME,PUBLIC_ID) values (51,null,null,null,'AssociationName_2',null);
Insert into DYEXTN_ABSTRACT_METADATA (IDENTIFIER,CREATED_DATE,DESCRIPTION,LAST_UPDATED,NAME,PUBLIC_ID) values (57,'2008-02-14','edu.wustl.clinportal.domain.CancerResearchGroup','2008-02-14','edu.wustl.clinportal.domain.CancerResearchGroup',null);
Insert into DYEXTN_ABSTRACT_METADATA (IDENTIFIER,CREATED_DATE,DESCRIPTION,LAST_UPDATED,NAME,PUBLIC_ID) values (58,null,null,null,'name',null);
Insert into DYEXTN_ABSTRACT_METADATA (IDENTIFIER,CREATED_DATE,DESCRIPTION,LAST_UPDATED,NAME,PUBLIC_ID) values (59,null,null,null,'id',null);
Insert into DYEXTN_ABSTRACT_METADATA (IDENTIFIER,CREATED_DATE,DESCRIPTION,LAST_UPDATED,NAME,PUBLIC_ID) values (56,null,null,null,'AssociationName_3',null);
Insert into DYEXTN_ABSTRACT_METADATA (IDENTIFIER,CREATED_DATE,DESCRIPTION,LAST_UPDATED,NAME,PUBLIC_ID) values (61,'2008-02-14','edu.wustl.clinportal.domain.Institution','2008-02-14','edu.wustl.clinportal.domain.Institution',null);
Insert into DYEXTN_ABSTRACT_METADATA (IDENTIFIER,CREATED_DATE,DESCRIPTION,LAST_UPDATED,NAME,PUBLIC_ID) values (62,null,null,null,'name',null);
Insert into DYEXTN_ABSTRACT_METADATA (IDENTIFIER,CREATED_DATE,DESCRIPTION,LAST_UPDATED,NAME,PUBLIC_ID) values (63,null,null,null,'id',null);
Insert into DYEXTN_ABSTRACT_METADATA (IDENTIFIER,CREATED_DATE,DESCRIPTION,LAST_UPDATED,NAME,PUBLIC_ID) values (60,null,null,null,'AssociationName_4',null);
Insert into DYEXTN_ABSTRACT_METADATA (IDENTIFIER,CREATED_DATE,DESCRIPTION,LAST_UPDATED,NAME,PUBLIC_ID) values (34,null,null,null,'AssociationName_1',null);
Insert into DYEXTN_ABSTRACT_METADATA (IDENTIFIER,CREATED_DATE,DESCRIPTION,LAST_UPDATED,NAME,PUBLIC_ID) values (64,null,null,null,'title',null);
Insert into DYEXTN_ABSTRACT_METADATA (IDENTIFIER,CREATED_DATE,DESCRIPTION,LAST_UPDATED,NAME,PUBLIC_ID) values (65,null,null,null,'startDate',null);
Insert into DYEXTN_ABSTRACT_METADATA (IDENTIFIER,CREATED_DATE,DESCRIPTION,LAST_UPDATED,NAME,PUBLIC_ID) values (66,null,null,null,'shortTitle',null);
Insert into DYEXTN_ABSTRACT_METADATA (IDENTIFIER,CREATED_DATE,DESCRIPTION,LAST_UPDATED,NAME,PUBLIC_ID) values (67,null,null,null,'irbIdentifier',null);
Insert into DYEXTN_ABSTRACT_METADATA (IDENTIFIER,CREATED_DATE,DESCRIPTION,LAST_UPDATED,NAME,PUBLIC_ID) values (68,null,null,null,'id',null);
Insert into DYEXTN_ABSTRACT_METADATA (IDENTIFIER,CREATED_DATE,DESCRIPTION,LAST_UPDATED,NAME,PUBLIC_ID) values (69,null,null,null,'enrollment',null);
Insert into DYEXTN_ABSTRACT_METADATA (IDENTIFIER,CREATED_DATE,DESCRIPTION,LAST_UPDATED,NAME,PUBLIC_ID) values (70,null,null,null,'endDate',null);
Insert into DYEXTN_ABSTRACT_METADATA (IDENTIFIER,CREATED_DATE,DESCRIPTION,LAST_UPDATED,NAME,PUBLIC_ID) values (71,null,null,null,'descriptionURL',null);
Insert into DYEXTN_ABSTRACT_METADATA (IDENTIFIER,CREATED_DATE,DESCRIPTION,LAST_UPDATED,NAME,PUBLIC_ID) values (72,null,null,null,'activityStatus',null);
Insert into DYEXTN_ABSTRACT_METADATA (IDENTIFIER,CREATED_DATE,DESCRIPTION,LAST_UPDATED,NAME,PUBLIC_ID) values (32,'2008-02-14','edu.wustl.clinportal.domain.ClinicalStudy','2008-02-14','edu.wustl.clinportal.domain.ClinicalStudy',null);
Insert into DYEXTN_ABSTRACT_METADATA (IDENTIFIER,CREATED_DATE,DESCRIPTION,LAST_UPDATED,NAME,PUBLIC_ID) values (73,null,null,null,'AssociationName_2null',null);
Insert into DYEXTN_ABSTRACT_METADATA (IDENTIFIER,CREATED_DATE,DESCRIPTION,LAST_UPDATED,NAME,PUBLIC_ID) values (74,null,null,null,'AssociationName_2',null);
Insert into DYEXTN_ABSTRACT_METADATA (IDENTIFIER,CREATED_DATE,DESCRIPTION,LAST_UPDATED,NAME,PUBLIC_ID) values (75,null,null,null,'AssociationName_1',null);
Insert into DYEXTN_ABSTRACT_METADATA (IDENTIFIER,CREATED_DATE,DESCRIPTION,LAST_UPDATED,NAME,PUBLIC_ID) values (76,null,null,null,'id',null);
Insert into DYEXTN_ABSTRACT_METADATA (IDENTIFIER,CREATED_DATE,DESCRIPTION,LAST_UPDATED,NAME,PUBLIC_ID) values (31,null,null,null,'AssociationName_2null',null);
Insert into DYEXTN_ABSTRACT_METADATA (IDENTIFIER,CREATED_DATE,DESCRIPTION,LAST_UPDATED,NAME,PUBLIC_ID) values (77,null,null,null,'AssociationName_1',null);
Insert into DYEXTN_ABSTRACT_METADATA (IDENTIFIER,CREATED_DATE,DESCRIPTION,LAST_UPDATED,NAME,PUBLIC_ID) values (78,null,null,null,'studyCalendarEventPoint',null);
Insert into DYEXTN_ABSTRACT_METADATA (IDENTIFIER,CREATED_DATE,DESCRIPTION,LAST_UPDATED,NAME,PUBLIC_ID) values (79,null,null,null,'noOfEntries',null);
Insert into DYEXTN_ABSTRACT_METADATA (IDENTIFIER,CREATED_DATE,DESCRIPTION,LAST_UPDATED,NAME,PUBLIC_ID) values (80,null,null,null,'isInfiniteEntry',null);
Insert into DYEXTN_ABSTRACT_METADATA (IDENTIFIER,CREATED_DATE,DESCRIPTION,LAST_UPDATED,NAME,PUBLIC_ID) values (81,null,null,null,'id',null);
Insert into DYEXTN_ABSTRACT_METADATA (IDENTIFIER,CREATED_DATE,DESCRIPTION,LAST_UPDATED,NAME,PUBLIC_ID) values (82,null,null,null,'collectionPointLabel',null);
Insert into DYEXTN_ABSTRACT_METADATA (IDENTIFIER,CREATED_DATE,DESCRIPTION,LAST_UPDATED,NAME,PUBLIC_ID) values (83,null,null,null,'activityStatus',null);
Insert into DYEXTN_ABSTRACT_METADATA (IDENTIFIER,CREATED_DATE,DESCRIPTION,LAST_UPDATED,NAME,PUBLIC_ID) values (17,null,null,null,'AssociationName_1null',null);
Insert into DYEXTN_ABSTRACT_METADATA (IDENTIFIER,CREATED_DATE,DESCRIPTION,LAST_UPDATED,NAME,PUBLIC_ID) values (84,null,null,null,'AssociationName_1',null);
Insert into DYEXTN_ABSTRACT_METADATA (IDENTIFIER,CREATED_DATE,DESCRIPTION,LAST_UPDATED,NAME,PUBLIC_ID) values (85,null,null,null,'id',null);
Insert into DYEXTN_ABSTRACT_METADATA (IDENTIFIER,CREATED_DATE,DESCRIPTION,LAST_UPDATED,NAME,PUBLIC_ID) values (86,null,null,null,'entryNumber',null);
Insert into DYEXTN_ABSTRACT_METADATA (IDENTIFIER,CREATED_DATE,DESCRIPTION,LAST_UPDATED,NAME,PUBLIC_ID) values (87,null,null,null,'encounterDate',null);
Insert into DYEXTN_ABSTRACT_METADATA (IDENTIFIER,CREATED_DATE,DESCRIPTION,LAST_UPDATED,NAME,PUBLIC_ID) values (88,null,null,null,'activityStatus',null);
Insert into DYEXTN_ABSTRACT_METADATA (IDENTIFIER,CREATED_DATE,DESCRIPTION,LAST_UPDATED,NAME,PUBLIC_ID) values (14,null,null,null,'AssociationName_3',null);
Insert into DYEXTN_ABSTRACT_METADATA (IDENTIFIER,CREATED_DATE,DESCRIPTION,LAST_UPDATED,NAME,PUBLIC_ID) values (89,null,null,null,'AssociationName_2',null);
Insert into DYEXTN_ABSTRACT_METADATA (IDENTIFIER,CREATED_DATE,DESCRIPTION,LAST_UPDATED,NAME,PUBLIC_ID) values (91,'2008-02-14','edu.wustl.clinportal.domain.Participant','2008-02-14','edu.wustl.clinportal.domain.Participant',null);
Insert into DYEXTN_ABSTRACT_METADATA (IDENTIFIER,CREATED_DATE,DESCRIPTION,LAST_UPDATED,NAME,PUBLIC_ID) values (92,null,null,null,'AssociationName_2',null);
Insert into DYEXTN_ABSTRACT_METADATA (IDENTIFIER,CREATED_DATE,DESCRIPTION,LAST_UPDATED,NAME,PUBLIC_ID) values (93,null,null,null,'activityStatus',null);
Insert into DYEXTN_ABSTRACT_METADATA (IDENTIFIER,CREATED_DATE,DESCRIPTION,LAST_UPDATED,NAME,PUBLIC_ID) values (94,null,null,null,'birthDate',null);
Insert into DYEXTN_ABSTRACT_METADATA (IDENTIFIER,CREATED_DATE,DESCRIPTION,LAST_UPDATED,NAME,PUBLIC_ID) values (95,null,null,null,'deathDate',null);
Insert into DYEXTN_ABSTRACT_METADATA (IDENTIFIER,CREATED_DATE,DESCRIPTION,LAST_UPDATED,NAME,PUBLIC_ID) values (96,null,null,null,'ethnicity',null);
Insert into DYEXTN_ABSTRACT_METADATA (IDENTIFIER,CREATED_DATE,DESCRIPTION,LAST_UPDATED,NAME,PUBLIC_ID) values (97,null,null,null,'firstName',null);
Insert into DYEXTN_ABSTRACT_METADATA (IDENTIFIER,CREATED_DATE,DESCRIPTION,LAST_UPDATED,NAME,PUBLIC_ID) values (98,null,null,null,'gender',null);
Insert into DYEXTN_ABSTRACT_METADATA (IDENTIFIER,CREATED_DATE,DESCRIPTION,LAST_UPDATED,NAME,PUBLIC_ID) values (99,null,null,null,'id',null);
Insert into DYEXTN_ABSTRACT_METADATA (IDENTIFIER,CREATED_DATE,DESCRIPTION,LAST_UPDATED,NAME,PUBLIC_ID) values (100,null,null,null,'lastName',null);
Insert into DYEXTN_ABSTRACT_METADATA (IDENTIFIER,CREATED_DATE,DESCRIPTION,LAST_UPDATED,NAME,PUBLIC_ID) values (101,null,null,null,'middleName',null);
Insert into DYEXTN_ABSTRACT_METADATA (IDENTIFIER,CREATED_DATE,DESCRIPTION,LAST_UPDATED,NAME,PUBLIC_ID) values (102,null,null,null,'sexGenotype',null);
Insert into DYEXTN_ABSTRACT_METADATA (IDENTIFIER,CREATED_DATE,DESCRIPTION,LAST_UPDATED,NAME,PUBLIC_ID) values (103,null,null,null,'socialSecurityNumber',null);
Insert into DYEXTN_ABSTRACT_METADATA (IDENTIFIER,CREATED_DATE,DESCRIPTION,LAST_UPDATED,NAME,PUBLIC_ID) values (104,null,null,null,'vitalStatus',null);
Insert into DYEXTN_ABSTRACT_METADATA (IDENTIFIER,CREATED_DATE,DESCRIPTION,LAST_UPDATED,NAME,PUBLIC_ID) values (106,'2008-02-14','edu.wustl.clinportal.domain.ParticipantMedicalIdentifier','2008-02-14','edu.wustl.clinportal.domain.ParticipantMedicalIdentifier',null);
Insert into DYEXTN_ABSTRACT_METADATA (IDENTIFIER,CREATED_DATE,DESCRIPTION,LAST_UPDATED,NAME,PUBLIC_ID) values (107,null,null,null,'AssociationName_2',null);
Insert into DYEXTN_ABSTRACT_METADATA (IDENTIFIER,CREATED_DATE,DESCRIPTION,LAST_UPDATED,NAME,PUBLIC_ID) values (109,'2008-02-14','edu.wustl.clinportal.domain.Site','2008-02-14','edu.wustl.clinportal.domain.Site',null);
Insert into DYEXTN_ABSTRACT_METADATA (IDENTIFIER,CREATED_DATE,DESCRIPTION,LAST_UPDATED,NAME,PUBLIC_ID) values (110,null,null,null,'AssociationName_2',null);
Insert into DYEXTN_ABSTRACT_METADATA (IDENTIFIER,CREATED_DATE,DESCRIPTION,LAST_UPDATED,NAME,PUBLIC_ID) values (111,null,null,null,'AssociationName_1',null);
Insert into DYEXTN_ABSTRACT_METADATA (IDENTIFIER,CREATED_DATE,DESCRIPTION,LAST_UPDATED,NAME,PUBLIC_ID) values (112,null,null,null,'type',null);
Insert into DYEXTN_ABSTRACT_METADATA (IDENTIFIER,CREATED_DATE,DESCRIPTION,LAST_UPDATED,NAME,PUBLIC_ID) values (113,null,null,null,'name',null);
Insert into DYEXTN_ABSTRACT_METADATA (IDENTIFIER,CREATED_DATE,DESCRIPTION,LAST_UPDATED,NAME,PUBLIC_ID) values (114,null,null,null,'id',null);
Insert into DYEXTN_ABSTRACT_METADATA (IDENTIFIER,CREATED_DATE,DESCRIPTION,LAST_UPDATED,NAME,PUBLIC_ID) values (115,null,null,null,'emailAddress',null);
Insert into DYEXTN_ABSTRACT_METADATA (IDENTIFIER,CREATED_DATE,DESCRIPTION,LAST_UPDATED,NAME,PUBLIC_ID) values (116,null,null,null,'activityStatus',null);
Insert into DYEXTN_ABSTRACT_METADATA (IDENTIFIER,CREATED_DATE,DESCRIPTION,LAST_UPDATED,NAME,PUBLIC_ID) values (108,null,null,null,'AssociationName_1',null);
Insert into DYEXTN_ABSTRACT_METADATA (IDENTIFIER,CREATED_DATE,DESCRIPTION,LAST_UPDATED,NAME,PUBLIC_ID) values (117,null,null,null,'medicalRecordNumber',null);
Insert into DYEXTN_ABSTRACT_METADATA (IDENTIFIER,CREATED_DATE,DESCRIPTION,LAST_UPDATED,NAME,PUBLIC_ID) values (118,null,null,null,'id',null);
Insert into DYEXTN_ABSTRACT_METADATA (IDENTIFIER,CREATED_DATE,DESCRIPTION,LAST_UPDATED,NAME,PUBLIC_ID) values (105,null,null,null,'AssociationName_2null',null);
Insert into DYEXTN_ABSTRACT_METADATA (IDENTIFIER,CREATED_DATE,DESCRIPTION,LAST_UPDATED,NAME,PUBLIC_ID) values (90,null,null,null,'AssociationName_2null',null);
Insert into DYEXTN_ABSTRACT_METADATA (IDENTIFIER,CREATED_DATE,DESCRIPTION,LAST_UPDATED,NAME,PUBLIC_ID) values (119,null,null,null,'registrationDate',null);
Insert into DYEXTN_ABSTRACT_METADATA (IDENTIFIER,CREATED_DATE,DESCRIPTION,LAST_UPDATED,NAME,PUBLIC_ID) values (120,null,null,null,'id',null);
Insert into DYEXTN_ABSTRACT_METADATA (IDENTIFIER,CREATED_DATE,DESCRIPTION,LAST_UPDATED,NAME,PUBLIC_ID) values (121,null,null,null,'clinicalStudyParticipantIdentifier',null);
Insert into DYEXTN_ABSTRACT_METADATA (IDENTIFIER,CREATED_DATE,DESCRIPTION,LAST_UPDATED,NAME,PUBLIC_ID) values (122,null,null,null,'activityStatus',null);

Insert into DYEXTN_CONSTRAINT_PROPERTIES (IDENTIFIER,SOURCE_ENTITY_KEY,TARGET_ENTITY_KEY,ASSOCIATION_ID) values (14,'CLINICAL_STUDY_REG_ID',null,16);
Insert into DYEXTN_CONSTRAINT_PROPERTIES (IDENTIFIER,SOURCE_ENTITY_KEY,TARGET_ENTITY_KEY,ASSOCIATION_ID) values (18,'STUDY_FORM_CONTXT_ID',null,23);
Insert into DYEXTN_CONSTRAINT_PROPERTIES (IDENTIFIER,SOURCE_ENTITY_KEY,TARGET_ENTITY_KEY,ASSOCIATION_ID) values (19,'EVENT_ENTRY_ID',null,24);
Insert into DYEXTN_CONSTRAINT_PROPERTIES (IDENTIFIER,SOURCE_ENTITY_KEY,TARGET_ENTITY_KEY,ASSOCIATION_ID) values (21,null,'STUDY_FORM_CONTXT_ID',21);
Insert into DYEXTN_CONSTRAINT_PROPERTIES (IDENTIFIER,SOURCE_ENTITY_KEY,TARGET_ENTITY_KEY,ASSOCIATION_ID) values (22,'CLINICAL_STUDY_EVENT_ID',null,26);
Insert into DYEXTN_CONSTRAINT_PROPERTIES (IDENTIFIER,SOURCE_ENTITY_KEY,TARGET_ENTITY_KEY,ASSOCIATION_ID) values (27,null,'CLINICAL_STUDY_EVENT_ID',19);
Insert into DYEXTN_CONSTRAINT_PROPERTIES (IDENTIFIER,SOURCE_ENTITY_KEY,TARGET_ENTITY_KEY,ASSOCIATION_ID) values (30,'ADDRESS_ID',null,36);
Insert into DYEXTN_CONSTRAINT_PROPERTIES (IDENTIFIER,SOURCE_ENTITY_KEY,TARGET_ENTITY_KEY,ASSOCIATION_ID) values (31,'USER_ID','CLINICAL_STUDY_ID',37);
Insert into DYEXTN_CONSTRAINT_PROPERTIES (IDENTIFIER,SOURCE_ENTITY_KEY,TARGET_ENTITY_KEY,ASSOCIATION_ID) values (44,'DEPARTMENT_ID',null,47);
Insert into DYEXTN_CONSTRAINT_PROPERTIES (IDENTIFIER,SOURCE_ENTITY_KEY,TARGET_ENTITY_KEY,ASSOCIATION_ID) values (49,null,'USER_ID',51);
Insert into DYEXTN_CONSTRAINT_PROPERTIES (IDENTIFIER,SOURCE_ENTITY_KEY,TARGET_ENTITY_KEY,ASSOCIATION_ID) values (53,'CANCER_RESEARCH_GROUP_ID',null,56);
Insert into DYEXTN_CONSTRAINT_PROPERTIES (IDENTIFIER,SOURCE_ENTITY_KEY,TARGET_ENTITY_KEY,ASSOCIATION_ID) values (57,'INSTITUTION_ID',null,60);
Insert into DYEXTN_CONSTRAINT_PROPERTIES (IDENTIFIER,SOURCE_ENTITY_KEY,TARGET_ENTITY_KEY,ASSOCIATION_ID) values (58,'PRINCIPAL_INVESTIGATOR_ID',null,34);
Insert into DYEXTN_CONSTRAINT_PROPERTIES (IDENTIFIER,SOURCE_ENTITY_KEY,TARGET_ENTITY_KEY,ASSOCIATION_ID) values (69,null,'CLINICAL_STUDY_ID',73);
Insert into DYEXTN_CONSTRAINT_PROPERTIES (IDENTIFIER,SOURCE_ENTITY_KEY,TARGET_ENTITY_KEY,ASSOCIATION_ID) values (70,null,'CLINICAL_STUDY_ID',74);
Insert into DYEXTN_CONSTRAINT_PROPERTIES (IDENTIFIER,SOURCE_ENTITY_KEY,TARGET_ENTITY_KEY,ASSOCIATION_ID) values (71,'CLINICAL_STUDY_ID','USER_ID',75);
Insert into DYEXTN_CONSTRAINT_PROPERTIES (IDENTIFIER,SOURCE_ENTITY_KEY,TARGET_ENTITY_KEY,ASSOCIATION_ID) values (73,'CLINICAL_STUDY_ID',null,31);
Insert into DYEXTN_CONSTRAINT_PROPERTIES (IDENTIFIER,SOURCE_ENTITY_KEY,TARGET_ENTITY_KEY,ASSOCIATION_ID) values (74,null,'CLINICAL_STUDY_EVENT_ID',77);
Insert into DYEXTN_CONSTRAINT_PROPERTIES (IDENTIFIER,SOURCE_ENTITY_KEY,TARGET_ENTITY_KEY,ASSOCIATION_ID) values (81,'CLINICAL_STUDY_EVENT_ID',null,17);
Insert into DYEXTN_CONSTRAINT_PROPERTIES (IDENTIFIER,SOURCE_ENTITY_KEY,TARGET_ENTITY_KEY,ASSOCIATION_ID) values (82,null,'EVENT_ENTRY_ID',84);
Insert into DYEXTN_CONSTRAINT_PROPERTIES (IDENTIFIER,SOURCE_ENTITY_KEY,TARGET_ENTITY_KEY,ASSOCIATION_ID) values (87,null,'CLINICAL_STUDY_REG_ID',14);
Insert into DYEXTN_CONSTRAINT_PROPERTIES (IDENTIFIER,SOURCE_ENTITY_KEY,TARGET_ENTITY_KEY,ASSOCIATION_ID) values (88,'CLINICAL_STUDY_ID',null,89);
Insert into DYEXTN_CONSTRAINT_PROPERTIES (IDENTIFIER,SOURCE_ENTITY_KEY,TARGET_ENTITY_KEY,ASSOCIATION_ID) values (90,null,'PARTICIPANT_ID',92);
Insert into DYEXTN_CONSTRAINT_PROPERTIES (IDENTIFIER,SOURCE_ENTITY_KEY,TARGET_ENTITY_KEY,ASSOCIATION_ID) values (104,'PARTICIPANT_ID',null,107);
Insert into DYEXTN_CONSTRAINT_PROPERTIES (IDENTIFIER,SOURCE_ENTITY_KEY,TARGET_ENTITY_KEY,ASSOCIATION_ID) values (106,'ADDRESS_ID',null,110);
Insert into DYEXTN_CONSTRAINT_PROPERTIES (IDENTIFIER,SOURCE_ENTITY_KEY,TARGET_ENTITY_KEY,ASSOCIATION_ID) values (107,'USER_ID',null,111);
Insert into DYEXTN_CONSTRAINT_PROPERTIES (IDENTIFIER,SOURCE_ENTITY_KEY,TARGET_ENTITY_KEY,ASSOCIATION_ID) values (113,'SITE_ID',null,108);
Insert into DYEXTN_CONSTRAINT_PROPERTIES (IDENTIFIER,SOURCE_ENTITY_KEY,TARGET_ENTITY_KEY,ASSOCIATION_ID) values (116,null,'PARTICIPANT_ID',105);
Insert into DYEXTN_CONSTRAINT_PROPERTIES (IDENTIFIER,SOURCE_ENTITY_KEY,TARGET_ENTITY_KEY,ASSOCIATION_ID) values (117,'PARTICIPANT_ID',null,90);

Insert into PATH (PATH_ID,FIRST_ENTITY_ID,INTERMEDIATE_PATH,LAST_ENTITY_ID) values (1,91,'1',106);
Insert into PATH (PATH_ID,FIRST_ENTITY_ID,INTERMEDIATE_PATH,LAST_ENTITY_ID) values (3,109,'3',35);
Insert into PATH (PATH_ID,FIRST_ENTITY_ID,INTERMEDIATE_PATH,LAST_ENTITY_ID) values (5,35,'5',57);
Insert into PATH (PATH_ID,FIRST_ENTITY_ID,INTERMEDIATE_PATH,LAST_ENTITY_ID) values (7,35,'7',48);
Insert into PATH (PATH_ID,FIRST_ENTITY_ID,INTERMEDIATE_PATH,LAST_ENTITY_ID) values (9,32,'9',35);
Insert into PATH (PATH_ID,FIRST_ENTITY_ID,INTERMEDIATE_PATH,LAST_ENTITY_ID) values (11,32,'11',18);
Insert into PATH (PATH_ID,FIRST_ENTITY_ID,INTERMEDIATE_PATH,LAST_ENTITY_ID) values (13,15,'13',22);
Insert into PATH (PATH_ID,FIRST_ENTITY_ID,INTERMEDIATE_PATH,LAST_ENTITY_ID) values (15,15,'15',18);
Insert into PATH (PATH_ID,FIRST_ENTITY_ID,INTERMEDIATE_PATH,LAST_ENTITY_ID) values (17,32,'17',13);
Insert into PATH (PATH_ID,FIRST_ENTITY_ID,INTERMEDIATE_PATH,LAST_ENTITY_ID) values (19,91,'19',13);
Insert into PATH (PATH_ID,FIRST_ENTITY_ID,INTERMEDIATE_PATH,LAST_ENTITY_ID) values (21,13,'21',15);
Insert into PATH (PATH_ID,FIRST_ENTITY_ID,INTERMEDIATE_PATH,LAST_ENTITY_ID) values (23,18,'23',20);
Insert into PATH (PATH_ID,FIRST_ENTITY_ID,INTERMEDIATE_PATH,LAST_ENTITY_ID) values (25,20,'25',22);
Insert into PATH (PATH_ID,FIRST_ENTITY_ID,INTERMEDIATE_PATH,LAST_ENTITY_ID) values (27,109,'27',2);
Insert into PATH (PATH_ID,FIRST_ENTITY_ID,INTERMEDIATE_PATH,LAST_ENTITY_ID) values (2,106,'2',109);
Insert into PATH (PATH_ID,FIRST_ENTITY_ID,INTERMEDIATE_PATH,LAST_ENTITY_ID) values (4,35,'4',61);
Insert into PATH (PATH_ID,FIRST_ENTITY_ID,INTERMEDIATE_PATH,LAST_ENTITY_ID) values (6,35,'6',52);
Insert into PATH (PATH_ID,FIRST_ENTITY_ID,INTERMEDIATE_PATH,LAST_ENTITY_ID) values (8,35,'8',32);
Insert into PATH (PATH_ID,FIRST_ENTITY_ID,INTERMEDIATE_PATH,LAST_ENTITY_ID) values (10,35,'10',2);
Insert into PATH (PATH_ID,FIRST_ENTITY_ID,INTERMEDIATE_PATH,LAST_ENTITY_ID) values (12,18,'12',15);
Insert into PATH (PATH_ID,FIRST_ENTITY_ID,INTERMEDIATE_PATH,LAST_ENTITY_ID) values (14,22,'14',15);
Insert into PATH (PATH_ID,FIRST_ENTITY_ID,INTERMEDIATE_PATH,LAST_ENTITY_ID) values (16,18,'16',32);
Insert into PATH (PATH_ID,FIRST_ENTITY_ID,INTERMEDIATE_PATH,LAST_ENTITY_ID) values (18,13,'18',91);
Insert into PATH (PATH_ID,FIRST_ENTITY_ID,INTERMEDIATE_PATH,LAST_ENTITY_ID) values (20,13,'20',32);
Insert into PATH (PATH_ID,FIRST_ENTITY_ID,INTERMEDIATE_PATH,LAST_ENTITY_ID) values (22,15,'22',13);
Insert into PATH (PATH_ID,FIRST_ENTITY_ID,INTERMEDIATE_PATH,LAST_ENTITY_ID) values (24,20,'24',18);
Insert into PATH (PATH_ID,FIRST_ENTITY_ID,INTERMEDIATE_PATH,LAST_ENTITY_ID) values (26,22,'26',20);
Insert into PATH (PATH_ID,FIRST_ENTITY_ID,INTERMEDIATE_PATH,LAST_ENTITY_ID) values (28,106,'28',91);


Insert into PATH (PATH_ID,FIRST_ENTITY_ID,INTERMEDIATE_PATH,LAST_ENTITY_ID) values (29,33,'29',35);
Insert into PATH (PATH_ID,FIRST_ENTITY_ID,INTERMEDIATE_PATH,LAST_ENTITY_ID) values (30,32,'29',35);


INSERT INTO PATH (PATH_ID,FIRST_ENTITY_ID,INTERMEDIATE_PATH,LAST_ENTITY_ID) VALUES (33,32,'17_18_1_2_3_5',57);
INSERT INTO PATH (PATH_ID,FIRST_ENTITY_ID,INTERMEDIATE_PATH,LAST_ENTITY_ID) VALUES (34,32,'17_18_1_2_3_4',61);
INSERT INTO PATH (PATH_ID,FIRST_ENTITY_ID,INTERMEDIATE_PATH,LAST_ENTITY_ID) VALUES (35,32,'17_18_1_2_3_7',48);

INSERT INTO PATH (PATH_ID,FIRST_ENTITY_ID,INTERMEDIATE_PATH,LAST_ENTITY_ID) VALUES (36,22,'14_22_20',32);
INSERT INTO PATH (PATH_ID,FIRST_ENTITY_ID,INTERMEDIATE_PATH,LAST_ENTITY_ID) VALUES (37,22,'14_15_16',32);
INSERT INTO PATH (PATH_ID,FIRST_ENTITY_ID,INTERMEDIATE_PATH,LAST_ENTITY_ID) VALUES (38,22,'26_24_16',32);

INSERT INTO PATH (PATH_ID,FIRST_ENTITY_ID,INTERMEDIATE_PATH,LAST_ENTITY_ID) VALUES (39,22,'26_24_16_17_18',91);
INSERT INTO PATH (PATH_ID,FIRST_ENTITY_ID,INTERMEDIATE_PATH,LAST_ENTITY_ID) VALUES (40,22,'14_22_18',91);
INSERT INTO PATH (PATH_ID,FIRST_ENTITY_ID,INTERMEDIATE_PATH,LAST_ENTITY_ID) VALUES (41,22,'14_15_16_17_18',91);

INSERT INTO PATH (PATH_ID,FIRST_ENTITY_ID,INTERMEDIATE_PATH,LAST_ENTITY_ID) VALUES (42,32,'17_18_1_2_27',2);
INSERT INTO PATH (PATH_ID,FIRST_ENTITY_ID,INTERMEDIATE_PATH,LAST_ENTITY_ID) VALUES (43,91,'19_21_13',22);

Insert into DYEXTN_DATE_TYPE_INFO (IDENTIFIER,FORMAT) values (23,'MM-dd-yyyy');
Insert into DYEXTN_DATE_TYPE_INFO (IDENTIFIER,FORMAT) values (26,'MM-dd-yyyy');
Insert into DYEXTN_DATE_TYPE_INFO (IDENTIFIER,FORMAT) values (34,'MM-dd-yyyy');
Insert into DYEXTN_DATE_TYPE_INFO (IDENTIFIER,FORMAT) values (39,'MM-dd-yyyy');
Insert into DYEXTN_DATE_TYPE_INFO (IDENTIFIER,FORMAT) values (51,'MM-dd-yyyy');
Insert into DYEXTN_DATE_TYPE_INFO (IDENTIFIER,FORMAT) values (54,'MM-dd-yyyy');
Insert into DYEXTN_DATE_TYPE_INFO (IDENTIFIER,FORMAT) values (55,'MM-dd-yyyy');
Insert into DYEXTN_DATE_TYPE_INFO (IDENTIFIER,FORMAT) values (72,'MM-dd-yyyy');

Insert into DYEXTN_PRIMITIVE_ATTRIBUTE (IDENTIFIER,IS_COLLECTION,IS_IDENTIFIED,IS_PRIMARY_KEY,IS_NULLABLE) values (4,0,null,1,0);
Insert into DYEXTN_PRIMITIVE_ATTRIBUTE (IDENTIFIER,IS_COLLECTION,IS_IDENTIFIED,IS_PRIMARY_KEY,IS_NULLABLE) values (5,0,null,0,1);
Insert into DYEXTN_PRIMITIVE_ATTRIBUTE (IDENTIFIER,IS_COLLECTION,IS_IDENTIFIED,IS_PRIMARY_KEY,IS_NULLABLE) values (6,0,null,0,1);
Insert into DYEXTN_PRIMITIVE_ATTRIBUTE (IDENTIFIER,IS_COLLECTION,IS_IDENTIFIED,IS_PRIMARY_KEY,IS_NULLABLE) values (7,0,null,0,1);
Insert into DYEXTN_PRIMITIVE_ATTRIBUTE (IDENTIFIER,IS_COLLECTION,IS_IDENTIFIED,IS_PRIMARY_KEY,IS_NULLABLE) values (8,0,null,0,1);
Insert into DYEXTN_PRIMITIVE_ATTRIBUTE (IDENTIFIER,IS_COLLECTION,IS_IDENTIFIED,IS_PRIMARY_KEY,IS_NULLABLE) values (9,0,null,1,0);
Insert into DYEXTN_PRIMITIVE_ATTRIBUTE (IDENTIFIER,IS_COLLECTION,IS_IDENTIFIED,IS_PRIMARY_KEY,IS_NULLABLE) values (10,0,null,0,1);
Insert into DYEXTN_PRIMITIVE_ATTRIBUTE (IDENTIFIER,IS_COLLECTION,IS_IDENTIFIED,IS_PRIMARY_KEY,IS_NULLABLE) values (11,0,null,0,1);
Insert into DYEXTN_PRIMITIVE_ATTRIBUTE (IDENTIFIER,IS_COLLECTION,IS_IDENTIFIED,IS_PRIMARY_KEY,IS_NULLABLE) values (12,0,null,0,1);
Insert into DYEXTN_PRIMITIVE_ATTRIBUTE (IDENTIFIER,IS_COLLECTION,IS_IDENTIFIED,IS_PRIMARY_KEY,IS_NULLABLE) values (25,0,null,1,0);
Insert into DYEXTN_PRIMITIVE_ATTRIBUTE (IDENTIFIER,IS_COLLECTION,IS_IDENTIFIED,IS_PRIMARY_KEY,IS_NULLABLE) values (27,0,null,0,1);
Insert into DYEXTN_PRIMITIVE_ATTRIBUTE (IDENTIFIER,IS_COLLECTION,IS_IDENTIFIED,IS_PRIMARY_KEY,IS_NULLABLE) values (28,0,null,1,0);
Insert into DYEXTN_PRIMITIVE_ATTRIBUTE (IDENTIFIER,IS_COLLECTION,IS_IDENTIFIED,IS_PRIMARY_KEY,IS_NULLABLE) values (29,0,null,0,1);
Insert into DYEXTN_PRIMITIVE_ATTRIBUTE (IDENTIFIER,IS_COLLECTION,IS_IDENTIFIED,IS_PRIMARY_KEY,IS_NULLABLE) values (30,0,null,0,1);
Insert into DYEXTN_PRIMITIVE_ATTRIBUTE (IDENTIFIER,IS_COLLECTION,IS_IDENTIFIED,IS_PRIMARY_KEY,IS_NULLABLE) values (38,0,null,0,1);
Insert into DYEXTN_PRIMITIVE_ATTRIBUTE (IDENTIFIER,IS_COLLECTION,IS_IDENTIFIED,IS_PRIMARY_KEY,IS_NULLABLE) values (39,0,null,0,1);
Insert into DYEXTN_PRIMITIVE_ATTRIBUTE (IDENTIFIER,IS_COLLECTION,IS_IDENTIFIED,IS_PRIMARY_KEY,IS_NULLABLE) values (40,0,null,0,1);
Insert into DYEXTN_PRIMITIVE_ATTRIBUTE (IDENTIFIER,IS_COLLECTION,IS_IDENTIFIED,IS_PRIMARY_KEY,IS_NULLABLE) values (41,0,null,0,1);
Insert into DYEXTN_PRIMITIVE_ATTRIBUTE (IDENTIFIER,IS_COLLECTION,IS_IDENTIFIED,IS_PRIMARY_KEY,IS_NULLABLE) values (42,0,null,0,1);
Insert into DYEXTN_PRIMITIVE_ATTRIBUTE (IDENTIFIER,IS_COLLECTION,IS_IDENTIFIED,IS_PRIMARY_KEY,IS_NULLABLE) values (43,0,null,1,0);
Insert into DYEXTN_PRIMITIVE_ATTRIBUTE (IDENTIFIER,IS_COLLECTION,IS_IDENTIFIED,IS_PRIMARY_KEY,IS_NULLABLE) values (44,0,null,0,1);
Insert into DYEXTN_PRIMITIVE_ATTRIBUTE (IDENTIFIER,IS_COLLECTION,IS_IDENTIFIED,IS_PRIMARY_KEY,IS_NULLABLE) values (45,0,null,0,1);
Insert into DYEXTN_PRIMITIVE_ATTRIBUTE (IDENTIFIER,IS_COLLECTION,IS_IDENTIFIED,IS_PRIMARY_KEY,IS_NULLABLE) values (46,0,null,0,1);
Insert into DYEXTN_PRIMITIVE_ATTRIBUTE (IDENTIFIER,IS_COLLECTION,IS_IDENTIFIED,IS_PRIMARY_KEY,IS_NULLABLE) values (49,0,null,0,1);
Insert into DYEXTN_PRIMITIVE_ATTRIBUTE (IDENTIFIER,IS_COLLECTION,IS_IDENTIFIED,IS_PRIMARY_KEY,IS_NULLABLE) values (50,0,null,1,0);
Insert into DYEXTN_PRIMITIVE_ATTRIBUTE (IDENTIFIER,IS_COLLECTION,IS_IDENTIFIED,IS_PRIMARY_KEY,IS_NULLABLE) values (53,0,null,0,1);
Insert into DYEXTN_PRIMITIVE_ATTRIBUTE (IDENTIFIER,IS_COLLECTION,IS_IDENTIFIED,IS_PRIMARY_KEY,IS_NULLABLE) values (54,0,null,0,1);
Insert into DYEXTN_PRIMITIVE_ATTRIBUTE (IDENTIFIER,IS_COLLECTION,IS_IDENTIFIED,IS_PRIMARY_KEY,IS_NULLABLE) values (55,0,null,1,0);
Insert into DYEXTN_PRIMITIVE_ATTRIBUTE (IDENTIFIER,IS_COLLECTION,IS_IDENTIFIED,IS_PRIMARY_KEY,IS_NULLABLE) values (58,0,null,0,1);
Insert into DYEXTN_PRIMITIVE_ATTRIBUTE (IDENTIFIER,IS_COLLECTION,IS_IDENTIFIED,IS_PRIMARY_KEY,IS_NULLABLE) values (59,0,null,1,0);
Insert into DYEXTN_PRIMITIVE_ATTRIBUTE (IDENTIFIER,IS_COLLECTION,IS_IDENTIFIED,IS_PRIMARY_KEY,IS_NULLABLE) values (62,0,null,0,1);
Insert into DYEXTN_PRIMITIVE_ATTRIBUTE (IDENTIFIER,IS_COLLECTION,IS_IDENTIFIED,IS_PRIMARY_KEY,IS_NULLABLE) values (63,0,null,1,0);
Insert into DYEXTN_PRIMITIVE_ATTRIBUTE (IDENTIFIER,IS_COLLECTION,IS_IDENTIFIED,IS_PRIMARY_KEY,IS_NULLABLE) values (64,0,null,0,1);
Insert into DYEXTN_PRIMITIVE_ATTRIBUTE (IDENTIFIER,IS_COLLECTION,IS_IDENTIFIED,IS_PRIMARY_KEY,IS_NULLABLE) values (65,0,null,0,1);
Insert into DYEXTN_PRIMITIVE_ATTRIBUTE (IDENTIFIER,IS_COLLECTION,IS_IDENTIFIED,IS_PRIMARY_KEY,IS_NULLABLE) values (66,0,null,0,1);
Insert into DYEXTN_PRIMITIVE_ATTRIBUTE (IDENTIFIER,IS_COLLECTION,IS_IDENTIFIED,IS_PRIMARY_KEY,IS_NULLABLE) values (67,0,null,0,1);
Insert into DYEXTN_PRIMITIVE_ATTRIBUTE (IDENTIFIER,IS_COLLECTION,IS_IDENTIFIED,IS_PRIMARY_KEY,IS_NULLABLE) values (68,0,null,1,0);
Insert into DYEXTN_PRIMITIVE_ATTRIBUTE (IDENTIFIER,IS_COLLECTION,IS_IDENTIFIED,IS_PRIMARY_KEY,IS_NULLABLE) values (69,0,null,0,1);
Insert into DYEXTN_PRIMITIVE_ATTRIBUTE (IDENTIFIER,IS_COLLECTION,IS_IDENTIFIED,IS_PRIMARY_KEY,IS_NULLABLE) values (70,0,null,0,1);
Insert into DYEXTN_PRIMITIVE_ATTRIBUTE (IDENTIFIER,IS_COLLECTION,IS_IDENTIFIED,IS_PRIMARY_KEY,IS_NULLABLE) values (71,0,null,0,1);
Insert into DYEXTN_PRIMITIVE_ATTRIBUTE (IDENTIFIER,IS_COLLECTION,IS_IDENTIFIED,IS_PRIMARY_KEY,IS_NULLABLE) values (72,0,null,0,1);
Insert into DYEXTN_PRIMITIVE_ATTRIBUTE (IDENTIFIER,IS_COLLECTION,IS_IDENTIFIED,IS_PRIMARY_KEY,IS_NULLABLE) values (76,0,null,1,0);
Insert into DYEXTN_PRIMITIVE_ATTRIBUTE (IDENTIFIER,IS_COLLECTION,IS_IDENTIFIED,IS_PRIMARY_KEY,IS_NULLABLE) values (78,0,null,0,1);
Insert into DYEXTN_PRIMITIVE_ATTRIBUTE (IDENTIFIER,IS_COLLECTION,IS_IDENTIFIED,IS_PRIMARY_KEY,IS_NULLABLE) values (79,0,null,0,1);
Insert into DYEXTN_PRIMITIVE_ATTRIBUTE (IDENTIFIER,IS_COLLECTION,IS_IDENTIFIED,IS_PRIMARY_KEY,IS_NULLABLE) values (80,0,null,0,1);
Insert into DYEXTN_PRIMITIVE_ATTRIBUTE (IDENTIFIER,IS_COLLECTION,IS_IDENTIFIED,IS_PRIMARY_KEY,IS_NULLABLE) values (81,0,null,1,0);
Insert into DYEXTN_PRIMITIVE_ATTRIBUTE (IDENTIFIER,IS_COLLECTION,IS_IDENTIFIED,IS_PRIMARY_KEY,IS_NULLABLE) values (82,0,null,0,1);
Insert into DYEXTN_PRIMITIVE_ATTRIBUTE (IDENTIFIER,IS_COLLECTION,IS_IDENTIFIED,IS_PRIMARY_KEY,IS_NULLABLE) values (83,0,null,0,1);
Insert into DYEXTN_PRIMITIVE_ATTRIBUTE (IDENTIFIER,IS_COLLECTION,IS_IDENTIFIED,IS_PRIMARY_KEY,IS_NULLABLE) values (85,0,null,1,0);
Insert into DYEXTN_PRIMITIVE_ATTRIBUTE (IDENTIFIER,IS_COLLECTION,IS_IDENTIFIED,IS_PRIMARY_KEY,IS_NULLABLE) values (86,0,null,0,1);
Insert into DYEXTN_PRIMITIVE_ATTRIBUTE (IDENTIFIER,IS_COLLECTION,IS_IDENTIFIED,IS_PRIMARY_KEY,IS_NULLABLE) values (87,0,null,0,1);
Insert into DYEXTN_PRIMITIVE_ATTRIBUTE (IDENTIFIER,IS_COLLECTION,IS_IDENTIFIED,IS_PRIMARY_KEY,IS_NULLABLE) values (88,0,null,0,1);
Insert into DYEXTN_PRIMITIVE_ATTRIBUTE (IDENTIFIER,IS_COLLECTION,IS_IDENTIFIED,IS_PRIMARY_KEY,IS_NULLABLE) values (93,0,null,0,1);
Insert into DYEXTN_PRIMITIVE_ATTRIBUTE (IDENTIFIER,IS_COLLECTION,IS_IDENTIFIED,IS_PRIMARY_KEY,IS_NULLABLE) values (94,0,null,0,1);
Insert into DYEXTN_PRIMITIVE_ATTRIBUTE (IDENTIFIER,IS_COLLECTION,IS_IDENTIFIED,IS_PRIMARY_KEY,IS_NULLABLE) values (95,0,null,0,1);
Insert into DYEXTN_PRIMITIVE_ATTRIBUTE (IDENTIFIER,IS_COLLECTION,IS_IDENTIFIED,IS_PRIMARY_KEY,IS_NULLABLE) values (96,0,null,0,1);
Insert into DYEXTN_PRIMITIVE_ATTRIBUTE (IDENTIFIER,IS_COLLECTION,IS_IDENTIFIED,IS_PRIMARY_KEY,IS_NULLABLE) values (97,0,null,0,1);
Insert into DYEXTN_PRIMITIVE_ATTRIBUTE (IDENTIFIER,IS_COLLECTION,IS_IDENTIFIED,IS_PRIMARY_KEY,IS_NULLABLE) values (98,0,null,0,1);
Insert into DYEXTN_PRIMITIVE_ATTRIBUTE (IDENTIFIER,IS_COLLECTION,IS_IDENTIFIED,IS_PRIMARY_KEY,IS_NULLABLE) values (99,0,null,1,0);
Insert into DYEXTN_PRIMITIVE_ATTRIBUTE (IDENTIFIER,IS_COLLECTION,IS_IDENTIFIED,IS_PRIMARY_KEY,IS_NULLABLE) values (100,0,null,0,1);
Insert into DYEXTN_PRIMITIVE_ATTRIBUTE (IDENTIFIER,IS_COLLECTION,IS_IDENTIFIED,IS_PRIMARY_KEY,IS_NULLABLE) values (101,0,null,0,1);
Insert into DYEXTN_PRIMITIVE_ATTRIBUTE (IDENTIFIER,IS_COLLECTION,IS_IDENTIFIED,IS_PRIMARY_KEY,IS_NULLABLE) values (102,0,null,0,1);
Insert into DYEXTN_PRIMITIVE_ATTRIBUTE (IDENTIFIER,IS_COLLECTION,IS_IDENTIFIED,IS_PRIMARY_KEY,IS_NULLABLE) values (103,0,null,0,1);
Insert into DYEXTN_PRIMITIVE_ATTRIBUTE (IDENTIFIER,IS_COLLECTION,IS_IDENTIFIED,IS_PRIMARY_KEY,IS_NULLABLE) values (104,0,null,0,1);
Insert into DYEXTN_PRIMITIVE_ATTRIBUTE (IDENTIFIER,IS_COLLECTION,IS_IDENTIFIED,IS_PRIMARY_KEY,IS_NULLABLE) values (112,0,null,0,1);
Insert into DYEXTN_PRIMITIVE_ATTRIBUTE (IDENTIFIER,IS_COLLECTION,IS_IDENTIFIED,IS_PRIMARY_KEY,IS_NULLABLE) values (113,0,null,0,1);
Insert into DYEXTN_PRIMITIVE_ATTRIBUTE (IDENTIFIER,IS_COLLECTION,IS_IDENTIFIED,IS_PRIMARY_KEY,IS_NULLABLE) values (114,0,null,1,0);
Insert into DYEXTN_PRIMITIVE_ATTRIBUTE (IDENTIFIER,IS_COLLECTION,IS_IDENTIFIED,IS_PRIMARY_KEY,IS_NULLABLE) values (115,0,null,0,1);
Insert into DYEXTN_PRIMITIVE_ATTRIBUTE (IDENTIFIER,IS_COLLECTION,IS_IDENTIFIED,IS_PRIMARY_KEY,IS_NULLABLE) values (116,0,null,0,1);
Insert into DYEXTN_PRIMITIVE_ATTRIBUTE (IDENTIFIER,IS_COLLECTION,IS_IDENTIFIED,IS_PRIMARY_KEY,IS_NULLABLE) values (117,0,null,0,1);
Insert into DYEXTN_PRIMITIVE_ATTRIBUTE (IDENTIFIER,IS_COLLECTION,IS_IDENTIFIED,IS_PRIMARY_KEY,IS_NULLABLE) values (118,0,null,1,0);
Insert into DYEXTN_PRIMITIVE_ATTRIBUTE (IDENTIFIER,IS_COLLECTION,IS_IDENTIFIED,IS_PRIMARY_KEY,IS_NULLABLE) values (119,0,null,0,1);
Insert into DYEXTN_PRIMITIVE_ATTRIBUTE (IDENTIFIER,IS_COLLECTION,IS_IDENTIFIED,IS_PRIMARY_KEY,IS_NULLABLE) values (120,0,null,1,0);
Insert into DYEXTN_PRIMITIVE_ATTRIBUTE (IDENTIFIER,IS_COLLECTION,IS_IDENTIFIED,IS_PRIMARY_KEY,IS_NULLABLE) values (121,0,null,0,1);
Insert into DYEXTN_PRIMITIVE_ATTRIBUTE (IDENTIFIER,IS_COLLECTION,IS_IDENTIFIED,IS_PRIMARY_KEY,IS_NULLABLE) values (122,0,null,0,1);

Insert into DYEXTN_ENTITY_GROUP (IDENTIFIER,LONG_NAME,SHORT_NAME,VERSION,IS_SYSTEM_GENERATED) values (1,'catissueSuite','catissueSuite',null,1);


Insert into DYEXTN_ATTRIBUTE_TYPE_INFO (IDENTIFIER,PRIMITIVE_ATTRIBUTE_ID) values (1,4);
Insert into DYEXTN_ATTRIBUTE_TYPE_INFO (IDENTIFIER,PRIMITIVE_ATTRIBUTE_ID) values (2,5);
Insert into DYEXTN_ATTRIBUTE_TYPE_INFO (IDENTIFIER,PRIMITIVE_ATTRIBUTE_ID) values (3,6);
Insert into DYEXTN_ATTRIBUTE_TYPE_INFO (IDENTIFIER,PRIMITIVE_ATTRIBUTE_ID) values (4,7);
Insert into DYEXTN_ATTRIBUTE_TYPE_INFO (IDENTIFIER,PRIMITIVE_ATTRIBUTE_ID) values (5,8);
Insert into DYEXTN_ATTRIBUTE_TYPE_INFO (IDENTIFIER,PRIMITIVE_ATTRIBUTE_ID) values (6,9);
Insert into DYEXTN_ATTRIBUTE_TYPE_INFO (IDENTIFIER,PRIMITIVE_ATTRIBUTE_ID) values (7,10);
Insert into DYEXTN_ATTRIBUTE_TYPE_INFO (IDENTIFIER,PRIMITIVE_ATTRIBUTE_ID) values (8,11);
Insert into DYEXTN_ATTRIBUTE_TYPE_INFO (IDENTIFIER,PRIMITIVE_ATTRIBUTE_ID) values (9,12);
Insert into DYEXTN_ATTRIBUTE_TYPE_INFO (IDENTIFIER,PRIMITIVE_ATTRIBUTE_ID) values (10,25);
Insert into DYEXTN_ATTRIBUTE_TYPE_INFO (IDENTIFIER,PRIMITIVE_ATTRIBUTE_ID) values (11,27);
Insert into DYEXTN_ATTRIBUTE_TYPE_INFO (IDENTIFIER,PRIMITIVE_ATTRIBUTE_ID) values (12,28);
Insert into DYEXTN_ATTRIBUTE_TYPE_INFO (IDENTIFIER,PRIMITIVE_ATTRIBUTE_ID) values (13,29);
Insert into DYEXTN_ATTRIBUTE_TYPE_INFO (IDENTIFIER,PRIMITIVE_ATTRIBUTE_ID) values (14,30);
Insert into DYEXTN_ATTRIBUTE_TYPE_INFO (IDENTIFIER,PRIMITIVE_ATTRIBUTE_ID) values (15,38);
Insert into DYEXTN_ATTRIBUTE_TYPE_INFO (IDENTIFIER,PRIMITIVE_ATTRIBUTE_ID) values (16,39);
Insert into DYEXTN_ATTRIBUTE_TYPE_INFO (IDENTIFIER,PRIMITIVE_ATTRIBUTE_ID) values (17,40);
Insert into DYEXTN_ATTRIBUTE_TYPE_INFO (IDENTIFIER,PRIMITIVE_ATTRIBUTE_ID) values (18,41);
Insert into DYEXTN_ATTRIBUTE_TYPE_INFO (IDENTIFIER,PRIMITIVE_ATTRIBUTE_ID) values (19,42);
Insert into DYEXTN_ATTRIBUTE_TYPE_INFO (IDENTIFIER,PRIMITIVE_ATTRIBUTE_ID) values (20,43);
Insert into DYEXTN_ATTRIBUTE_TYPE_INFO (IDENTIFIER,PRIMITIVE_ATTRIBUTE_ID) values (21,44);
Insert into DYEXTN_ATTRIBUTE_TYPE_INFO (IDENTIFIER,PRIMITIVE_ATTRIBUTE_ID) values (22,45);
Insert into DYEXTN_ATTRIBUTE_TYPE_INFO (IDENTIFIER,PRIMITIVE_ATTRIBUTE_ID) values (23,46);
Insert into DYEXTN_ATTRIBUTE_TYPE_INFO (IDENTIFIER,PRIMITIVE_ATTRIBUTE_ID) values (24,49);
Insert into DYEXTN_ATTRIBUTE_TYPE_INFO (IDENTIFIER,PRIMITIVE_ATTRIBUTE_ID) values (25,50);
Insert into DYEXTN_ATTRIBUTE_TYPE_INFO (IDENTIFIER,PRIMITIVE_ATTRIBUTE_ID) values (26,53);
Insert into DYEXTN_ATTRIBUTE_TYPE_INFO (IDENTIFIER,PRIMITIVE_ATTRIBUTE_ID) values (27,54);
Insert into DYEXTN_ATTRIBUTE_TYPE_INFO (IDENTIFIER,PRIMITIVE_ATTRIBUTE_ID) values (28,55);
Insert into DYEXTN_ATTRIBUTE_TYPE_INFO (IDENTIFIER,PRIMITIVE_ATTRIBUTE_ID) values (29,58);
Insert into DYEXTN_ATTRIBUTE_TYPE_INFO (IDENTIFIER,PRIMITIVE_ATTRIBUTE_ID) values (30,59);
Insert into DYEXTN_ATTRIBUTE_TYPE_INFO (IDENTIFIER,PRIMITIVE_ATTRIBUTE_ID) values (31,62);
Insert into DYEXTN_ATTRIBUTE_TYPE_INFO (IDENTIFIER,PRIMITIVE_ATTRIBUTE_ID) values (32,63);
Insert into DYEXTN_ATTRIBUTE_TYPE_INFO (IDENTIFIER,PRIMITIVE_ATTRIBUTE_ID) values (33,64);
Insert into DYEXTN_ATTRIBUTE_TYPE_INFO (IDENTIFIER,PRIMITIVE_ATTRIBUTE_ID) values (34,65);
Insert into DYEXTN_ATTRIBUTE_TYPE_INFO (IDENTIFIER,PRIMITIVE_ATTRIBUTE_ID) values (35,66);
Insert into DYEXTN_ATTRIBUTE_TYPE_INFO (IDENTIFIER,PRIMITIVE_ATTRIBUTE_ID) values (36,67);
Insert into DYEXTN_ATTRIBUTE_TYPE_INFO (IDENTIFIER,PRIMITIVE_ATTRIBUTE_ID) values (37,68);
Insert into DYEXTN_ATTRIBUTE_TYPE_INFO (IDENTIFIER,PRIMITIVE_ATTRIBUTE_ID) values (38,69);
Insert into DYEXTN_ATTRIBUTE_TYPE_INFO (IDENTIFIER,PRIMITIVE_ATTRIBUTE_ID) values (39,70);
Insert into DYEXTN_ATTRIBUTE_TYPE_INFO (IDENTIFIER,PRIMITIVE_ATTRIBUTE_ID) values (40,71);
Insert into DYEXTN_ATTRIBUTE_TYPE_INFO (IDENTIFIER,PRIMITIVE_ATTRIBUTE_ID) values (41,72);
Insert into DYEXTN_ATTRIBUTE_TYPE_INFO (IDENTIFIER,PRIMITIVE_ATTRIBUTE_ID) values (42,76);
Insert into DYEXTN_ATTRIBUTE_TYPE_INFO (IDENTIFIER,PRIMITIVE_ATTRIBUTE_ID) values (43,78);
Insert into DYEXTN_ATTRIBUTE_TYPE_INFO (IDENTIFIER,PRIMITIVE_ATTRIBUTE_ID) values (44,79);
Insert into DYEXTN_ATTRIBUTE_TYPE_INFO (IDENTIFIER,PRIMITIVE_ATTRIBUTE_ID) values (45,80);
Insert into DYEXTN_ATTRIBUTE_TYPE_INFO (IDENTIFIER,PRIMITIVE_ATTRIBUTE_ID) values (46,81);
Insert into DYEXTN_ATTRIBUTE_TYPE_INFO (IDENTIFIER,PRIMITIVE_ATTRIBUTE_ID) values (47,82);
Insert into DYEXTN_ATTRIBUTE_TYPE_INFO (IDENTIFIER,PRIMITIVE_ATTRIBUTE_ID) values (48,83);
Insert into DYEXTN_ATTRIBUTE_TYPE_INFO (IDENTIFIER,PRIMITIVE_ATTRIBUTE_ID) values (49,85);
Insert into DYEXTN_ATTRIBUTE_TYPE_INFO (IDENTIFIER,PRIMITIVE_ATTRIBUTE_ID) values (50,86);
Insert into DYEXTN_ATTRIBUTE_TYPE_INFO (IDENTIFIER,PRIMITIVE_ATTRIBUTE_ID) values (51,87);
Insert into DYEXTN_ATTRIBUTE_TYPE_INFO (IDENTIFIER,PRIMITIVE_ATTRIBUTE_ID) values (52,88);
Insert into DYEXTN_ATTRIBUTE_TYPE_INFO (IDENTIFIER,PRIMITIVE_ATTRIBUTE_ID) values (53,93);
Insert into DYEXTN_ATTRIBUTE_TYPE_INFO (IDENTIFIER,PRIMITIVE_ATTRIBUTE_ID) values (54,94);
Insert into DYEXTN_ATTRIBUTE_TYPE_INFO (IDENTIFIER,PRIMITIVE_ATTRIBUTE_ID) values (55,95);
Insert into DYEXTN_ATTRIBUTE_TYPE_INFO (IDENTIFIER,PRIMITIVE_ATTRIBUTE_ID) values (56,96);
Insert into DYEXTN_ATTRIBUTE_TYPE_INFO (IDENTIFIER,PRIMITIVE_ATTRIBUTE_ID) values (57,97);
Insert into DYEXTN_ATTRIBUTE_TYPE_INFO (IDENTIFIER,PRIMITIVE_ATTRIBUTE_ID) values (58,98);
Insert into DYEXTN_ATTRIBUTE_TYPE_INFO (IDENTIFIER,PRIMITIVE_ATTRIBUTE_ID) values (59,99);
Insert into DYEXTN_ATTRIBUTE_TYPE_INFO (IDENTIFIER,PRIMITIVE_ATTRIBUTE_ID) values (60,100);
Insert into DYEXTN_ATTRIBUTE_TYPE_INFO (IDENTIFIER,PRIMITIVE_ATTRIBUTE_ID) values (61,101);
Insert into DYEXTN_ATTRIBUTE_TYPE_INFO (IDENTIFIER,PRIMITIVE_ATTRIBUTE_ID) values (62,102);
Insert into DYEXTN_ATTRIBUTE_TYPE_INFO (IDENTIFIER,PRIMITIVE_ATTRIBUTE_ID) values (63,103);
Insert into DYEXTN_ATTRIBUTE_TYPE_INFO (IDENTIFIER,PRIMITIVE_ATTRIBUTE_ID) values (64,104);
Insert into DYEXTN_ATTRIBUTE_TYPE_INFO (IDENTIFIER,PRIMITIVE_ATTRIBUTE_ID) values (65,112);
Insert into DYEXTN_ATTRIBUTE_TYPE_INFO (IDENTIFIER,PRIMITIVE_ATTRIBUTE_ID) values (66,113);
Insert into DYEXTN_ATTRIBUTE_TYPE_INFO (IDENTIFIER,PRIMITIVE_ATTRIBUTE_ID) values (67,114);
Insert into DYEXTN_ATTRIBUTE_TYPE_INFO (IDENTIFIER,PRIMITIVE_ATTRIBUTE_ID) values (68,115);
Insert into DYEXTN_ATTRIBUTE_TYPE_INFO (IDENTIFIER,PRIMITIVE_ATTRIBUTE_ID) values (69,116);
Insert into DYEXTN_ATTRIBUTE_TYPE_INFO (IDENTIFIER,PRIMITIVE_ATTRIBUTE_ID) values (70,117);
Insert into DYEXTN_ATTRIBUTE_TYPE_INFO (IDENTIFIER,PRIMITIVE_ATTRIBUTE_ID) values (71,118);
Insert into DYEXTN_ATTRIBUTE_TYPE_INFO (IDENTIFIER,PRIMITIVE_ATTRIBUTE_ID) values (72,119);
Insert into DYEXTN_ATTRIBUTE_TYPE_INFO (IDENTIFIER,PRIMITIVE_ATTRIBUTE_ID) values (73,120);
Insert into DYEXTN_ATTRIBUTE_TYPE_INFO (IDENTIFIER,PRIMITIVE_ATTRIBUTE_ID) values (74,121);
Insert into DYEXTN_ATTRIBUTE_TYPE_INFO (IDENTIFIER,PRIMITIVE_ATTRIBUTE_ID) values (75,122);


Insert into DYEXTN_TABLE_PROPERTIES (IDENTIFIER,ABSTRACT_ENTITY_ID) values (1,3);
Insert into DYEXTN_TABLE_PROPERTIES (IDENTIFIER,ABSTRACT_ENTITY_ID) values (3,2);
Insert into DYEXTN_TABLE_PROPERTIES (IDENTIFIER,ABSTRACT_ENTITY_ID) values (12,13);
Insert into DYEXTN_TABLE_PROPERTIES (IDENTIFIER,ABSTRACT_ENTITY_ID) values (13,15);
Insert into DYEXTN_TABLE_PROPERTIES (IDENTIFIER,ABSTRACT_ENTITY_ID) values (15,18);
Insert into DYEXTN_TABLE_PROPERTIES (IDENTIFIER,ABSTRACT_ENTITY_ID) values (16,20);
Insert into DYEXTN_TABLE_PROPERTIES (IDENTIFIER,ABSTRACT_ENTITY_ID) values (17,22);
Insert into DYEXTN_TABLE_PROPERTIES (IDENTIFIER,ABSTRACT_ENTITY_ID) values (28,33);
Insert into DYEXTN_TABLE_PROPERTIES (IDENTIFIER,ABSTRACT_ENTITY_ID) values (29,35);
Insert into DYEXTN_TABLE_PROPERTIES (IDENTIFIER,ABSTRACT_ENTITY_ID) values (41,48);
Insert into DYEXTN_TABLE_PROPERTIES (IDENTIFIER,ABSTRACT_ENTITY_ID) values (45,52);
Insert into DYEXTN_TABLE_PROPERTIES (IDENTIFIER,ABSTRACT_ENTITY_ID) values (50,57);
Insert into DYEXTN_TABLE_PROPERTIES (IDENTIFIER,ABSTRACT_ENTITY_ID) values (54,61);
Insert into DYEXTN_TABLE_PROPERTIES (IDENTIFIER,ABSTRACT_ENTITY_ID) values (68,32);
Insert into DYEXTN_TABLE_PROPERTIES (IDENTIFIER,ABSTRACT_ENTITY_ID) values (89,91);
Insert into DYEXTN_TABLE_PROPERTIES (IDENTIFIER,ABSTRACT_ENTITY_ID) values (103,106);
Insert into DYEXTN_TABLE_PROPERTIES (IDENTIFIER,ABSTRACT_ENTITY_ID) values (105,109);


Insert into DYEXTN_DATABASE_PROPERTIES (IDENTIFIER,NAME) values (1,'DE_E_10');
Insert into DYEXTN_DATABASE_PROPERTIES (IDENTIFIER,NAME) values (2,'IDENTIFIER');
Insert into DYEXTN_DATABASE_PROPERTIES (IDENTIFIER,NAME) values (3,'CATISSUE_ADDRESS');
Insert into DYEXTN_DATABASE_PROPERTIES (IDENTIFIER,NAME) values (4,'ZIPCODE');
Insert into DYEXTN_DATABASE_PROPERTIES (IDENTIFIER,NAME) values (5,'STREET');
Insert into DYEXTN_DATABASE_PROPERTIES (IDENTIFIER,NAME) values (6,'STATE');
Insert into DYEXTN_DATABASE_PROPERTIES (IDENTIFIER,NAME) values (7,'PHONE_NUMBER');
Insert into DYEXTN_DATABASE_PROPERTIES (IDENTIFIER,NAME) values (8,'IDENTIFIER');
Insert into DYEXTN_DATABASE_PROPERTIES (IDENTIFIER,NAME) values (9,'FAX_NUMBER');
Insert into DYEXTN_DATABASE_PROPERTIES (IDENTIFIER,NAME) values (10,'COUNTRY');
Insert into DYEXTN_DATABASE_PROPERTIES (IDENTIFIER,NAME) values (11,'CITY');
Insert into DYEXTN_DATABASE_PROPERTIES (IDENTIFIER,NAME) values (12,'CATISSUE_CLINICAL_STUDY_REG');
Insert into DYEXTN_DATABASE_PROPERTIES (IDENTIFIER,NAME) values (13,'CATISSUE_EVENT_ENTRY');
Insert into DYEXTN_DATABASE_PROPERTIES (IDENTIFIER,NAME) values (14,'DE_AS_158');
Insert into DYEXTN_DATABASE_PROPERTIES (IDENTIFIER,NAME) values (15,'CATISSUE_CLINICAL_STUDY_EVENT');
Insert into DYEXTN_DATABASE_PROPERTIES (IDENTIFIER,NAME) values (16,'CATISSUE_STUDY_FORM_CONTEXT');
Insert into DYEXTN_DATABASE_PROPERTIES (IDENTIFIER,NAME) values (17,'CATISUE_CLIN_STUDY_RECORD_NTRY');
Insert into DYEXTN_DATABASE_PROPERTIES (IDENTIFIER,NAME) values (18,'DE_AS_146');
Insert into DYEXTN_DATABASE_PROPERTIES (IDENTIFIER,NAME) values (19,'DE_AS_110');
Insert into DYEXTN_DATABASE_PROPERTIES (IDENTIFIER,NAME) values (20,'IDENTIFIER');
Insert into DYEXTN_DATABASE_PROPERTIES (IDENTIFIER,NAME) values (21,'DE_AS_146');
Insert into DYEXTN_DATABASE_PROPERTIES (IDENTIFIER,NAME) values (22,'DE_AS_143');
Insert into DYEXTN_DATABASE_PROPERTIES (IDENTIFIER,NAME) values (23,'STUDY_FORM_LABEL');
Insert into DYEXTN_DATABASE_PROPERTIES (IDENTIFIER,NAME) values (24,'IDENTIFIER');
Insert into DYEXTN_DATABASE_PROPERTIES (IDENTIFIER,NAME) values (25,'CONTAINER_ID');
Insert into DYEXTN_DATABASE_PROPERTIES (IDENTIFIER,NAME) values (26,'ACTIVITY_STATUS');
Insert into DYEXTN_DATABASE_PROPERTIES (IDENTIFIER,NAME) values (27,'DE_AS_143');
Insert into DYEXTN_DATABASE_PROPERTIES (IDENTIFIER,NAME) values (28,'CATISSUE_SPECIMEN_PROTOCOL');
Insert into DYEXTN_DATABASE_PROPERTIES (IDENTIFIER,NAME) values (29,'CATISSUE_USER');
Insert into DYEXTN_DATABASE_PROPERTIES (IDENTIFIER,NAME) values (30,'DE_AS_164');
Insert into DYEXTN_DATABASE_PROPERTIES (IDENTIFIER,NAME) values (31,'CATISSUE_STUDY_COORDINATORS');
Insert into DYEXTN_DATABASE_PROPERTIES (IDENTIFIER,NAME) values (32,'ACTIVITY_STATUS');
Insert into DYEXTN_DATABASE_PROPERTIES (IDENTIFIER,NAME) values (33,'STATUS_COMMENT');
Insert into DYEXTN_DATABASE_PROPERTIES (IDENTIFIER,NAME) values (34,'CSM_USER_ID');
Insert into DYEXTN_DATABASE_PROPERTIES (IDENTIFIER,NAME) values (35,'EMAIL_ADDRESS');
Insert into DYEXTN_DATABASE_PROPERTIES (IDENTIFIER,NAME) values (36,'FIRST_NAME');
Insert into DYEXTN_DATABASE_PROPERTIES (IDENTIFIER,NAME) values (37,'IDENTIFIER');
Insert into DYEXTN_DATABASE_PROPERTIES (IDENTIFIER,NAME) values (38,'LAST_NAME');
Insert into DYEXTN_DATABASE_PROPERTIES (IDENTIFIER,NAME) values (39,'LOGIN_NAME');
Insert into DYEXTN_DATABASE_PROPERTIES (IDENTIFIER,NAME) values (40,'START_DATE');
Insert into DYEXTN_DATABASE_PROPERTIES (IDENTIFIER,NAME) values (41,'CATISSUE_DEPARTMENT');
Insert into DYEXTN_DATABASE_PROPERTIES (IDENTIFIER,NAME) values (42,'NAME');
Insert into DYEXTN_DATABASE_PROPERTIES (IDENTIFIER,NAME) values (43,'IDENTIFIER');
Insert into DYEXTN_DATABASE_PROPERTIES (IDENTIFIER,NAME) values (44,'DE_AS_113');
Insert into DYEXTN_DATABASE_PROPERTIES (IDENTIFIER,NAME) values (45,'CATISSUE_PASSWORD');
Insert into DYEXTN_DATABASE_PROPERTIES (IDENTIFIER,NAME) values (46,'UPDATE_DATE');
Insert into DYEXTN_DATABASE_PROPERTIES (IDENTIFIER,NAME) values (47,'PASSWORD');
Insert into DYEXTN_DATABASE_PROPERTIES (IDENTIFIER,NAME) values (48,'IDENTIFIER');
Insert into DYEXTN_DATABASE_PROPERTIES (IDENTIFIER,NAME) values (49,'DE_AS_116');
Insert into DYEXTN_DATABASE_PROPERTIES (IDENTIFIER,NAME) values (50,'CATISSUE_CANCER_RESEARCH_GROUP');
Insert into DYEXTN_DATABASE_PROPERTIES (IDENTIFIER,NAME) values (51,'NAME');
Insert into DYEXTN_DATABASE_PROPERTIES (IDENTIFIER,NAME) values (52,'IDENTIFIER');
Insert into DYEXTN_DATABASE_PROPERTIES (IDENTIFIER,NAME) values (53,'DE_AS_128');
Insert into DYEXTN_DATABASE_PROPERTIES (IDENTIFIER,NAME) values (54,'CATISSUE_INSTITUTION');
Insert into DYEXTN_DATABASE_PROPERTIES (IDENTIFIER,NAME) values (55,'NAME');
Insert into DYEXTN_DATABASE_PROPERTIES (IDENTIFIER,NAME) values (56,'IDENTIFIER');
Insert into DYEXTN_DATABASE_PROPERTIES (IDENTIFIER,NAME) values (57,'DE_AS_131');
Insert into DYEXTN_DATABASE_PROPERTIES (IDENTIFIER,NAME) values (58,'DE_AS_149');
Insert into DYEXTN_DATABASE_PROPERTIES (IDENTIFIER,NAME) values (59,'TITLE');
Insert into DYEXTN_DATABASE_PROPERTIES (IDENTIFIER,NAME) values (60,'START_DATE');
Insert into DYEXTN_DATABASE_PROPERTIES (IDENTIFIER,NAME) values (61,'SHORT_TITLE');
Insert into DYEXTN_DATABASE_PROPERTIES (IDENTIFIER,NAME) values (62,'IRB_IDENTIFIER');
Insert into DYEXTN_DATABASE_PROPERTIES (IDENTIFIER,NAME) values (63,'IDENTIFIER');
Insert into DYEXTN_DATABASE_PROPERTIES (IDENTIFIER,NAME) values (64,'ENROLLMENT');
Insert into DYEXTN_DATABASE_PROPERTIES (IDENTIFIER,NAME) values (65,'END_DATE');
Insert into DYEXTN_DATABASE_PROPERTIES (IDENTIFIER,NAME) values (66,'DESCRIPTION_URL');
Insert into DYEXTN_DATABASE_PROPERTIES (IDENTIFIER,NAME) values (67,'ACTIVITY_STATUS');
Insert into DYEXTN_DATABASE_PROPERTIES (IDENTIFIER,NAME) values (68,'CATISSUE_CLINICAL_STUDY');
Insert into DYEXTN_DATABASE_PROPERTIES (IDENTIFIER,NAME) values (69,'DE_AS_155');
Insert into DYEXTN_DATABASE_PROPERTIES (IDENTIFIER,NAME) values (70,'DE_AS_140');
Insert into DYEXTN_DATABASE_PROPERTIES (IDENTIFIER,NAME) values (71,'CATISSUE_STUDY_COORDINATORS');
Insert into DYEXTN_DATABASE_PROPERTIES (IDENTIFIER,NAME) values (72,'IDENTIFIER');
Insert into DYEXTN_DATABASE_PROPERTIES (IDENTIFIER,NAME) values (73,'DE_AS_140');
Insert into DYEXTN_DATABASE_PROPERTIES (IDENTIFIER,NAME) values (74,'DE_AS_134');
Insert into DYEXTN_DATABASE_PROPERTIES (IDENTIFIER,NAME) values (75,'EVENT_POINT');
Insert into DYEXTN_DATABASE_PROPERTIES (IDENTIFIER,NAME) values (76,'NO_OF_ENTRIES');
Insert into DYEXTN_DATABASE_PROPERTIES (IDENTIFIER,NAME) values (77,'IS_INFINITE_ENTRY');
Insert into DYEXTN_DATABASE_PROPERTIES (IDENTIFIER,NAME) values (78,'IDENTIFIER');
Insert into DYEXTN_DATABASE_PROPERTIES (IDENTIFIER,NAME) values (79,'COLLECTION_POINT_LABEL');
Insert into DYEXTN_DATABASE_PROPERTIES (IDENTIFIER,NAME) values (80,'ACTIVITY_STATUS');
Insert into DYEXTN_DATABASE_PROPERTIES (IDENTIFIER,NAME) values (81,'DE_AS_134');
Insert into DYEXTN_DATABASE_PROPERTIES (IDENTIFIER,NAME) values (82,'DE_AS_110');
Insert into DYEXTN_DATABASE_PROPERTIES (IDENTIFIER,NAME) values (83,'IDENTIFIER');
Insert into DYEXTN_DATABASE_PROPERTIES (IDENTIFIER,NAME) values (84,'ENTRY_NUMBER');
Insert into DYEXTN_DATABASE_PROPERTIES (IDENTIFIER,NAME) values (85,'ENCOUNTER_DATE');
Insert into DYEXTN_DATABASE_PROPERTIES (IDENTIFIER,NAME) values (86,'ACTIVITY_STATUS');
Insert into DYEXTN_DATABASE_PROPERTIES (IDENTIFIER,NAME) values (87,'DE_AS_158');
Insert into DYEXTN_DATABASE_PROPERTIES (IDENTIFIER,NAME) values (88,'DE_AS_155');
Insert into DYEXTN_DATABASE_PROPERTIES (IDENTIFIER,NAME) values (89,'CATISSUE_PARTICIPANT');
Insert into DYEXTN_DATABASE_PROPERTIES (IDENTIFIER,NAME) values (90,'DE_AS_152');
Insert into DYEXTN_DATABASE_PROPERTIES (IDENTIFIER,NAME) values (91,'ACTIVITY_STATUS');
Insert into DYEXTN_DATABASE_PROPERTIES (IDENTIFIER,NAME) values (92,'BIRTH_DATE');
Insert into DYEXTN_DATABASE_PROPERTIES (IDENTIFIER,NAME) values (93,'DEATH_DATE');
Insert into DYEXTN_DATABASE_PROPERTIES (IDENTIFIER,NAME) values (94,'ETHNICITY');
Insert into DYEXTN_DATABASE_PROPERTIES (IDENTIFIER,NAME) values (95,'FIRST_NAME');
Insert into DYEXTN_DATABASE_PROPERTIES (IDENTIFIER,NAME) values (96,'GENDER');
Insert into DYEXTN_DATABASE_PROPERTIES (IDENTIFIER,NAME) values (97,'IDENTIFIER');
Insert into DYEXTN_DATABASE_PROPERTIES (IDENTIFIER,NAME) values (98,'LAST_NAME');
Insert into DYEXTN_DATABASE_PROPERTIES (IDENTIFIER,NAME) values (99,'MIDDLE_NAME');
Insert into DYEXTN_DATABASE_PROPERTIES (IDENTIFIER,NAME) values (100,'GENOTYPE');
Insert into DYEXTN_DATABASE_PROPERTIES (IDENTIFIER,NAME) values (101,'SOCIAL_SECURITY_NUMBER');
Insert into DYEXTN_DATABASE_PROPERTIES (IDENTIFIER,NAME) values (102,'VITAL_STATUS');
Insert into DYEXTN_DATABASE_PROPERTIES (IDENTIFIER,NAME) values (103,'CATISSUE_PART_MEDICAL_ID');
Insert into DYEXTN_DATABASE_PROPERTIES (IDENTIFIER,NAME) values (104,'DE_AS_125');
Insert into DYEXTN_DATABASE_PROPERTIES (IDENTIFIER,NAME) values (105,'CATISSUE_SITE');
Insert into DYEXTN_DATABASE_PROPERTIES (IDENTIFIER,NAME) values (106,'DE_AS_161');
Insert into DYEXTN_DATABASE_PROPERTIES (IDENTIFIER,NAME) values (107,'DE_AS_119');
Insert into DYEXTN_DATABASE_PROPERTIES (IDENTIFIER,NAME) values (108,'TYPE');
Insert into DYEXTN_DATABASE_PROPERTIES (IDENTIFIER,NAME) values (109,'NAME');
Insert into DYEXTN_DATABASE_PROPERTIES (IDENTIFIER,NAME) values (110,'IDENTIFIER');
Insert into DYEXTN_DATABASE_PROPERTIES (IDENTIFIER,NAME) values (111,'EMAIL_ADDRESS');
Insert into DYEXTN_DATABASE_PROPERTIES (IDENTIFIER,NAME) values (112,'ACTIVITY_STATUS');
Insert into DYEXTN_DATABASE_PROPERTIES (IDENTIFIER,NAME) values (113,'DE_AS_122');
Insert into DYEXTN_DATABASE_PROPERTIES (IDENTIFIER,NAME) values (114,'MEDICAL_RECORD_NUMBER');
Insert into DYEXTN_DATABASE_PROPERTIES (IDENTIFIER,NAME) values (115,'IDENTIFIER');
Insert into DYEXTN_DATABASE_PROPERTIES (IDENTIFIER,NAME) values (116,'DE_AS_125');
Insert into DYEXTN_DATABASE_PROPERTIES (IDENTIFIER,NAME) values (117,'DE_AS_152');
Insert into DYEXTN_DATABASE_PROPERTIES (IDENTIFIER,NAME) values (118,'REGISTRATION_DATE');
Insert into DYEXTN_DATABASE_PROPERTIES (IDENTIFIER,NAME) values (119,'IDENTIFIER');
Insert into DYEXTN_DATABASE_PROPERTIES (IDENTIFIER,NAME) values (120,'CLINICAL_STUDY_PARTICIPANT_ID');
Insert into DYEXTN_DATABASE_PROPERTIES (IDENTIFIER,NAME) values (121,'ACTIVITY_STATUS');


Insert into DYEXTN_ASSOCIATION (IDENTIFIER,DIRECTION,TARGET_ENTITY_ID,SOURCE_ROLE_ID,TARGET_ROLE_ID,IS_SYSTEM_GENERATED) values (16,'BI_DIRECTIONAL',13,1,2,1);
Insert into DYEXTN_ASSOCIATION (IDENTIFIER,DIRECTION,TARGET_ENTITY_ID,SOURCE_ROLE_ID,TARGET_ROLE_ID,IS_SYSTEM_GENERATED) values (23,'BI_DIRECTIONAL',20,3,4,1);
Insert into DYEXTN_ASSOCIATION (IDENTIFIER,DIRECTION,TARGET_ENTITY_ID,SOURCE_ROLE_ID,TARGET_ROLE_ID,IS_SYSTEM_GENERATED) values (24,'BI_DIRECTIONAL',15,5,6,1);
Insert into DYEXTN_ASSOCIATION (IDENTIFIER,DIRECTION,TARGET_ENTITY_ID,SOURCE_ROLE_ID,TARGET_ROLE_ID,IS_SYSTEM_GENERATED) values (21,'BI_DIRECTIONAL',22,4,3,0);
Insert into DYEXTN_ASSOCIATION (IDENTIFIER,DIRECTION,TARGET_ENTITY_ID,SOURCE_ROLE_ID,TARGET_ROLE_ID,IS_SYSTEM_GENERATED) values (26,'BI_DIRECTIONAL',18,7,8,1);
Insert into DYEXTN_ASSOCIATION (IDENTIFIER,DIRECTION,TARGET_ENTITY_ID,SOURCE_ROLE_ID,TARGET_ROLE_ID,IS_SYSTEM_GENERATED) values (19,'BI_DIRECTIONAL',20,8,7,0);
Insert into DYEXTN_ASSOCIATION (IDENTIFIER,DIRECTION,TARGET_ENTITY_ID,SOURCE_ROLE_ID,TARGET_ROLE_ID,IS_SYSTEM_GENERATED) values (36,'SRC_DESTINATION',2,9,10,0);
Insert into DYEXTN_ASSOCIATION (IDENTIFIER,DIRECTION,TARGET_ENTITY_ID,SOURCE_ROLE_ID,TARGET_ROLE_ID,IS_SYSTEM_GENERATED) values (37,'BI_DIRECTIONAL',32,11,12,1);
Insert into DYEXTN_ASSOCIATION (IDENTIFIER,DIRECTION,TARGET_ENTITY_ID,SOURCE_ROLE_ID,TARGET_ROLE_ID,IS_SYSTEM_GENERATED) values (47,'SRC_DESTINATION',48,13,14,0);
Insert into DYEXTN_ASSOCIATION (IDENTIFIER,DIRECTION,TARGET_ENTITY_ID,SOURCE_ROLE_ID,TARGET_ROLE_ID,IS_SYSTEM_GENERATED) values (51,'SRC_DESTINATION',52,15,16,0);
Insert into DYEXTN_ASSOCIATION (IDENTIFIER,DIRECTION,TARGET_ENTITY_ID,SOURCE_ROLE_ID,TARGET_ROLE_ID,IS_SYSTEM_GENERATED) values (56,'SRC_DESTINATION',57,17,18,0);
Insert into DYEXTN_ASSOCIATION (IDENTIFIER,DIRECTION,TARGET_ENTITY_ID,SOURCE_ROLE_ID,TARGET_ROLE_ID,IS_SYSTEM_GENERATED) values (60,'SRC_DESTINATION',61,19,20,0);
Insert into DYEXTN_ASSOCIATION (IDENTIFIER,DIRECTION,TARGET_ENTITY_ID,SOURCE_ROLE_ID,TARGET_ROLE_ID,IS_SYSTEM_GENERATED) values (34,'SRC_DESTINATION',35,21,22,0);
Insert into DYEXTN_ASSOCIATION (IDENTIFIER,DIRECTION,TARGET_ENTITY_ID,SOURCE_ROLE_ID,TARGET_ROLE_ID,IS_SYSTEM_GENERATED) values (73,'BI_DIRECTIONAL',13,23,24,1);
Insert into DYEXTN_ASSOCIATION (IDENTIFIER,DIRECTION,TARGET_ENTITY_ID,SOURCE_ROLE_ID,TARGET_ROLE_ID,IS_SYSTEM_GENERATED) values (74,'BI_DIRECTIONAL',18,25,26,0);
Insert into DYEXTN_ASSOCIATION (IDENTIFIER,DIRECTION,TARGET_ENTITY_ID,SOURCE_ROLE_ID,TARGET_ROLE_ID,IS_SYSTEM_GENERATED) values (75,'BI_DIRECTIONAL',35,12,11,0);
Insert into DYEXTN_ASSOCIATION (IDENTIFIER,DIRECTION,TARGET_ENTITY_ID,SOURCE_ROLE_ID,TARGET_ROLE_ID,IS_SYSTEM_GENERATED) values (31,'BI_DIRECTIONAL',32,26,25,1);
Insert into DYEXTN_ASSOCIATION (IDENTIFIER,DIRECTION,TARGET_ENTITY_ID,SOURCE_ROLE_ID,TARGET_ROLE_ID,IS_SYSTEM_GENERATED) values (77,'BI_DIRECTIONAL',15,27,28,0);
Insert into DYEXTN_ASSOCIATION (IDENTIFIER,DIRECTION,TARGET_ENTITY_ID,SOURCE_ROLE_ID,TARGET_ROLE_ID,IS_SYSTEM_GENERATED) values (17,'BI_DIRECTIONAL',18,28,27,1);
Insert into DYEXTN_ASSOCIATION (IDENTIFIER,DIRECTION,TARGET_ENTITY_ID,SOURCE_ROLE_ID,TARGET_ROLE_ID,IS_SYSTEM_GENERATED) values (84,'BI_DIRECTIONAL',22,6,5,0);
Insert into DYEXTN_ASSOCIATION (IDENTIFIER,DIRECTION,TARGET_ENTITY_ID,SOURCE_ROLE_ID,TARGET_ROLE_ID,IS_SYSTEM_GENERATED) values (14,'BI_DIRECTIONAL',15,2,1,0);
Insert into DYEXTN_ASSOCIATION (IDENTIFIER,DIRECTION,TARGET_ENTITY_ID,SOURCE_ROLE_ID,TARGET_ROLE_ID,IS_SYSTEM_GENERATED) values (89,'BI_DIRECTIONAL',32,24,23,0);
Insert into DYEXTN_ASSOCIATION (IDENTIFIER,DIRECTION,TARGET_ENTITY_ID,SOURCE_ROLE_ID,TARGET_ROLE_ID,IS_SYSTEM_GENERATED) values (92,'BI_DIRECTIONAL',13,29,30,0);
Insert into DYEXTN_ASSOCIATION (IDENTIFIER,DIRECTION,TARGET_ENTITY_ID,SOURCE_ROLE_ID,TARGET_ROLE_ID,IS_SYSTEM_GENERATED) values (107,'BI_DIRECTIONAL',91,31,32,0);
Insert into DYEXTN_ASSOCIATION (IDENTIFIER,DIRECTION,TARGET_ENTITY_ID,SOURCE_ROLE_ID,TARGET_ROLE_ID,IS_SYSTEM_GENERATED) values (110,'SRC_DESTINATION',2,33,34,0);
Insert into DYEXTN_ASSOCIATION (IDENTIFIER,DIRECTION,TARGET_ENTITY_ID,SOURCE_ROLE_ID,TARGET_ROLE_ID,IS_SYSTEM_GENERATED) values (111,'SRC_DESTINATION',35,35,36,0);
Insert into DYEXTN_ASSOCIATION (IDENTIFIER,DIRECTION,TARGET_ENTITY_ID,SOURCE_ROLE_ID,TARGET_ROLE_ID,IS_SYSTEM_GENERATED) values (108,'SRC_DESTINATION',109,37,38,0);
Insert into DYEXTN_ASSOCIATION (IDENTIFIER,DIRECTION,TARGET_ENTITY_ID,SOURCE_ROLE_ID,TARGET_ROLE_ID,IS_SYSTEM_GENERATED) values (105,'BI_DIRECTIONAL',106,32,31,1);
Insert into DYEXTN_ASSOCIATION (IDENTIFIER,DIRECTION,TARGET_ENTITY_ID,SOURCE_ROLE_ID,TARGET_ROLE_ID,IS_SYSTEM_GENERATED) values (90,'BI_DIRECTIONAL',91,30,29,1);


Insert into DYEXTN_INTEGER_TYPE_INFO (IDENTIFIER) values (38);
Insert into DYEXTN_INTEGER_TYPE_INFO (IDENTIFIER) values (44);
Insert into DYEXTN_INTEGER_TYPE_INFO (IDENTIFIER) values (50);

Insert into DYEXTN_ABSTRACT_ENTITY (ID) values (2);
Insert into DYEXTN_ABSTRACT_ENTITY (ID) values (3);
Insert into DYEXTN_ABSTRACT_ENTITY (ID) values (13);
Insert into DYEXTN_ABSTRACT_ENTITY (ID) values (15);
Insert into DYEXTN_ABSTRACT_ENTITY (ID) values (18);
Insert into DYEXTN_ABSTRACT_ENTITY (ID) values (20);
Insert into DYEXTN_ABSTRACT_ENTITY (ID) values (22);
Insert into DYEXTN_ABSTRACT_ENTITY (ID) values (32);
Insert into DYEXTN_ABSTRACT_ENTITY (ID) values (33);
Insert into DYEXTN_ABSTRACT_ENTITY (ID) values (35);
Insert into DYEXTN_ABSTRACT_ENTITY (ID) values (48);
Insert into DYEXTN_ABSTRACT_ENTITY (ID) values (52);
Insert into DYEXTN_ABSTRACT_ENTITY (ID) values (57);
Insert into DYEXTN_ABSTRACT_ENTITY (ID) values (61);
Insert into DYEXTN_ABSTRACT_ENTITY (ID) values (91);
Insert into DYEXTN_ABSTRACT_ENTITY (ID) values (106);
Insert into DYEXTN_ABSTRACT_ENTITY (ID) values (109);

Insert into INTRA_MODEL_ASSOCIATION (ASSOCIATION_ID,DE_ASSOCIATION_ID) values (1,105);
Insert into INTRA_MODEL_ASSOCIATION (ASSOCIATION_ID,DE_ASSOCIATION_ID) values (3,111);
Insert into INTRA_MODEL_ASSOCIATION (ASSOCIATION_ID,DE_ASSOCIATION_ID) values (5,56);
Insert into INTRA_MODEL_ASSOCIATION (ASSOCIATION_ID,DE_ASSOCIATION_ID) values (7,47);
Insert into INTRA_MODEL_ASSOCIATION (ASSOCIATION_ID,DE_ASSOCIATION_ID) values (9,75);
Insert into INTRA_MODEL_ASSOCIATION (ASSOCIATION_ID,DE_ASSOCIATION_ID) values (11,74);
Insert into INTRA_MODEL_ASSOCIATION (ASSOCIATION_ID,DE_ASSOCIATION_ID) values (13,84);
Insert into INTRA_MODEL_ASSOCIATION (ASSOCIATION_ID,DE_ASSOCIATION_ID) values (15,17);
Insert into INTRA_MODEL_ASSOCIATION (ASSOCIATION_ID,DE_ASSOCIATION_ID) values (17,73);
Insert into INTRA_MODEL_ASSOCIATION (ASSOCIATION_ID,DE_ASSOCIATION_ID) values (19,92);
Insert into INTRA_MODEL_ASSOCIATION (ASSOCIATION_ID,DE_ASSOCIATION_ID) values (21,14);
Insert into INTRA_MODEL_ASSOCIATION (ASSOCIATION_ID,DE_ASSOCIATION_ID) values (23,19);
Insert into INTRA_MODEL_ASSOCIATION (ASSOCIATION_ID,DE_ASSOCIATION_ID) values (25,21);
Insert into INTRA_MODEL_ASSOCIATION (ASSOCIATION_ID,DE_ASSOCIATION_ID) values (27,110);
Insert into INTRA_MODEL_ASSOCIATION (ASSOCIATION_ID,DE_ASSOCIATION_ID) values (2,108);
Insert into INTRA_MODEL_ASSOCIATION (ASSOCIATION_ID,DE_ASSOCIATION_ID) values (4,60);
Insert into INTRA_MODEL_ASSOCIATION (ASSOCIATION_ID,DE_ASSOCIATION_ID) values (6,51);
Insert into INTRA_MODEL_ASSOCIATION (ASSOCIATION_ID,DE_ASSOCIATION_ID) values (8,37);
Insert into INTRA_MODEL_ASSOCIATION (ASSOCIATION_ID,DE_ASSOCIATION_ID) values (10,36);
Insert into INTRA_MODEL_ASSOCIATION (ASSOCIATION_ID,DE_ASSOCIATION_ID) values (12,77);
Insert into INTRA_MODEL_ASSOCIATION (ASSOCIATION_ID,DE_ASSOCIATION_ID) values (14,24);
Insert into INTRA_MODEL_ASSOCIATION (ASSOCIATION_ID,DE_ASSOCIATION_ID) values (16,31);
Insert into INTRA_MODEL_ASSOCIATION (ASSOCIATION_ID,DE_ASSOCIATION_ID) values (18,90);
Insert into INTRA_MODEL_ASSOCIATION (ASSOCIATION_ID,DE_ASSOCIATION_ID) values (20,89);
Insert into INTRA_MODEL_ASSOCIATION (ASSOCIATION_ID,DE_ASSOCIATION_ID) values (22,16);
Insert into INTRA_MODEL_ASSOCIATION (ASSOCIATION_ID,DE_ASSOCIATION_ID) values (24,26);
Insert into INTRA_MODEL_ASSOCIATION (ASSOCIATION_ID,DE_ASSOCIATION_ID) values (26,23);
Insert into INTRA_MODEL_ASSOCIATION (ASSOCIATION_ID,DE_ASSOCIATION_ID) values (28,107);
Insert into INTRA_MODEL_ASSOCIATION (ASSOCIATION_ID,DE_ASSOCIATION_ID) values(29,34);

Insert into DYEXTN_COLUMN_PROPERTIES (IDENTIFIER,PRIMITIVE_ATTRIBUTE_ID,CATEGORY_ATTRIBUTE_ID) values (2,4,null);
Insert into DYEXTN_COLUMN_PROPERTIES (IDENTIFIER,PRIMITIVE_ATTRIBUTE_ID,CATEGORY_ATTRIBUTE_ID) values (4,5,null);
Insert into DYEXTN_COLUMN_PROPERTIES (IDENTIFIER,PRIMITIVE_ATTRIBUTE_ID,CATEGORY_ATTRIBUTE_ID) values (5,6,null);
Insert into DYEXTN_COLUMN_PROPERTIES (IDENTIFIER,PRIMITIVE_ATTRIBUTE_ID,CATEGORY_ATTRIBUTE_ID) values (6,7,null);
Insert into DYEXTN_COLUMN_PROPERTIES (IDENTIFIER,PRIMITIVE_ATTRIBUTE_ID,CATEGORY_ATTRIBUTE_ID) values (7,8,null);
Insert into DYEXTN_COLUMN_PROPERTIES (IDENTIFIER,PRIMITIVE_ATTRIBUTE_ID,CATEGORY_ATTRIBUTE_ID) values (8,9,null);
Insert into DYEXTN_COLUMN_PROPERTIES (IDENTIFIER,PRIMITIVE_ATTRIBUTE_ID,CATEGORY_ATTRIBUTE_ID) values (9,10,null);
Insert into DYEXTN_COLUMN_PROPERTIES (IDENTIFIER,PRIMITIVE_ATTRIBUTE_ID,CATEGORY_ATTRIBUTE_ID) values (10,11,null);
Insert into DYEXTN_COLUMN_PROPERTIES (IDENTIFIER,PRIMITIVE_ATTRIBUTE_ID,CATEGORY_ATTRIBUTE_ID) values (11,12,null);
Insert into DYEXTN_COLUMN_PROPERTIES (IDENTIFIER,PRIMITIVE_ATTRIBUTE_ID,CATEGORY_ATTRIBUTE_ID) values (20,25,null);
Insert into DYEXTN_COLUMN_PROPERTIES (IDENTIFIER,PRIMITIVE_ATTRIBUTE_ID,CATEGORY_ATTRIBUTE_ID) values (23,27,null);
Insert into DYEXTN_COLUMN_PROPERTIES (IDENTIFIER,PRIMITIVE_ATTRIBUTE_ID,CATEGORY_ATTRIBUTE_ID) values (24,28,null);
Insert into DYEXTN_COLUMN_PROPERTIES (IDENTIFIER,PRIMITIVE_ATTRIBUTE_ID,CATEGORY_ATTRIBUTE_ID) values (25,29,null);
Insert into DYEXTN_COLUMN_PROPERTIES (IDENTIFIER,PRIMITIVE_ATTRIBUTE_ID,CATEGORY_ATTRIBUTE_ID) values (26,30,null);
Insert into DYEXTN_COLUMN_PROPERTIES (IDENTIFIER,PRIMITIVE_ATTRIBUTE_ID,CATEGORY_ATTRIBUTE_ID) values (32,38,null);
Insert into DYEXTN_COLUMN_PROPERTIES (IDENTIFIER,PRIMITIVE_ATTRIBUTE_ID,CATEGORY_ATTRIBUTE_ID) values (33,39,null);
Insert into DYEXTN_COLUMN_PROPERTIES (IDENTIFIER,PRIMITIVE_ATTRIBUTE_ID,CATEGORY_ATTRIBUTE_ID) values (34,40,null);
Insert into DYEXTN_COLUMN_PROPERTIES (IDENTIFIER,PRIMITIVE_ATTRIBUTE_ID,CATEGORY_ATTRIBUTE_ID) values (35,41,null);
Insert into DYEXTN_COLUMN_PROPERTIES (IDENTIFIER,PRIMITIVE_ATTRIBUTE_ID,CATEGORY_ATTRIBUTE_ID) values (36,42,null);
Insert into DYEXTN_COLUMN_PROPERTIES (IDENTIFIER,PRIMITIVE_ATTRIBUTE_ID,CATEGORY_ATTRIBUTE_ID) values (37,43,null);
Insert into DYEXTN_COLUMN_PROPERTIES (IDENTIFIER,PRIMITIVE_ATTRIBUTE_ID,CATEGORY_ATTRIBUTE_ID) values (38,44,null);
Insert into DYEXTN_COLUMN_PROPERTIES (IDENTIFIER,PRIMITIVE_ATTRIBUTE_ID,CATEGORY_ATTRIBUTE_ID) values (39,45,null);
Insert into DYEXTN_COLUMN_PROPERTIES (IDENTIFIER,PRIMITIVE_ATTRIBUTE_ID,CATEGORY_ATTRIBUTE_ID) values (40,46,null);
Insert into DYEXTN_COLUMN_PROPERTIES (IDENTIFIER,PRIMITIVE_ATTRIBUTE_ID,CATEGORY_ATTRIBUTE_ID) values (42,49,null);
Insert into DYEXTN_COLUMN_PROPERTIES (IDENTIFIER,PRIMITIVE_ATTRIBUTE_ID,CATEGORY_ATTRIBUTE_ID) values (43,50,null);
Insert into DYEXTN_COLUMN_PROPERTIES (IDENTIFIER,PRIMITIVE_ATTRIBUTE_ID,CATEGORY_ATTRIBUTE_ID) values (46,53,null);
Insert into DYEXTN_COLUMN_PROPERTIES (IDENTIFIER,PRIMITIVE_ATTRIBUTE_ID,CATEGORY_ATTRIBUTE_ID) values (47,54,null);
Insert into DYEXTN_COLUMN_PROPERTIES (IDENTIFIER,PRIMITIVE_ATTRIBUTE_ID,CATEGORY_ATTRIBUTE_ID) values (48,55,null);
Insert into DYEXTN_COLUMN_PROPERTIES (IDENTIFIER,PRIMITIVE_ATTRIBUTE_ID,CATEGORY_ATTRIBUTE_ID) values (51,58,null);
Insert into DYEXTN_COLUMN_PROPERTIES (IDENTIFIER,PRIMITIVE_ATTRIBUTE_ID,CATEGORY_ATTRIBUTE_ID) values (52,59,null);
Insert into DYEXTN_COLUMN_PROPERTIES (IDENTIFIER,PRIMITIVE_ATTRIBUTE_ID,CATEGORY_ATTRIBUTE_ID) values (55,62,null);
Insert into DYEXTN_COLUMN_PROPERTIES (IDENTIFIER,PRIMITIVE_ATTRIBUTE_ID,CATEGORY_ATTRIBUTE_ID) values (56,63,null);
Insert into DYEXTN_COLUMN_PROPERTIES (IDENTIFIER,PRIMITIVE_ATTRIBUTE_ID,CATEGORY_ATTRIBUTE_ID) values (59,64,null);
Insert into DYEXTN_COLUMN_PROPERTIES (IDENTIFIER,PRIMITIVE_ATTRIBUTE_ID,CATEGORY_ATTRIBUTE_ID) values (60,65,null);
Insert into DYEXTN_COLUMN_PROPERTIES (IDENTIFIER,PRIMITIVE_ATTRIBUTE_ID,CATEGORY_ATTRIBUTE_ID) values (61,66,null);
Insert into DYEXTN_COLUMN_PROPERTIES (IDENTIFIER,PRIMITIVE_ATTRIBUTE_ID,CATEGORY_ATTRIBUTE_ID) values (62,67,null);
Insert into DYEXTN_COLUMN_PROPERTIES (IDENTIFIER,PRIMITIVE_ATTRIBUTE_ID,CATEGORY_ATTRIBUTE_ID) values (63,68,null);
Insert into DYEXTN_COLUMN_PROPERTIES (IDENTIFIER,PRIMITIVE_ATTRIBUTE_ID,CATEGORY_ATTRIBUTE_ID) values (64,69,null);
Insert into DYEXTN_COLUMN_PROPERTIES (IDENTIFIER,PRIMITIVE_ATTRIBUTE_ID,CATEGORY_ATTRIBUTE_ID) values (65,70,null);
Insert into DYEXTN_COLUMN_PROPERTIES (IDENTIFIER,PRIMITIVE_ATTRIBUTE_ID,CATEGORY_ATTRIBUTE_ID) values (66,71,null);
Insert into DYEXTN_COLUMN_PROPERTIES (IDENTIFIER,PRIMITIVE_ATTRIBUTE_ID,CATEGORY_ATTRIBUTE_ID) values (67,72,null);
Insert into DYEXTN_COLUMN_PROPERTIES (IDENTIFIER,PRIMITIVE_ATTRIBUTE_ID,CATEGORY_ATTRIBUTE_ID) values (72,76,null);
Insert into DYEXTN_COLUMN_PROPERTIES (IDENTIFIER,PRIMITIVE_ATTRIBUTE_ID,CATEGORY_ATTRIBUTE_ID) values (75,78,null);
Insert into DYEXTN_COLUMN_PROPERTIES (IDENTIFIER,PRIMITIVE_ATTRIBUTE_ID,CATEGORY_ATTRIBUTE_ID) values (76,79,null);
Insert into DYEXTN_COLUMN_PROPERTIES (IDENTIFIER,PRIMITIVE_ATTRIBUTE_ID,CATEGORY_ATTRIBUTE_ID) values (77,80,null);
Insert into DYEXTN_COLUMN_PROPERTIES (IDENTIFIER,PRIMITIVE_ATTRIBUTE_ID,CATEGORY_ATTRIBUTE_ID) values (78,81,null);
Insert into DYEXTN_COLUMN_PROPERTIES (IDENTIFIER,PRIMITIVE_ATTRIBUTE_ID,CATEGORY_ATTRIBUTE_ID) values (79,82,null);
Insert into DYEXTN_COLUMN_PROPERTIES (IDENTIFIER,PRIMITIVE_ATTRIBUTE_ID,CATEGORY_ATTRIBUTE_ID) values (80,83,null);
Insert into DYEXTN_COLUMN_PROPERTIES (IDENTIFIER,PRIMITIVE_ATTRIBUTE_ID,CATEGORY_ATTRIBUTE_ID) values (83,85,null);
Insert into DYEXTN_COLUMN_PROPERTIES (IDENTIFIER,PRIMITIVE_ATTRIBUTE_ID,CATEGORY_ATTRIBUTE_ID) values (84,86,null);
Insert into DYEXTN_COLUMN_PROPERTIES (IDENTIFIER,PRIMITIVE_ATTRIBUTE_ID,CATEGORY_ATTRIBUTE_ID) values (85,87,null);
Insert into DYEXTN_COLUMN_PROPERTIES (IDENTIFIER,PRIMITIVE_ATTRIBUTE_ID,CATEGORY_ATTRIBUTE_ID) values (86,88,null);
Insert into DYEXTN_COLUMN_PROPERTIES (IDENTIFIER,PRIMITIVE_ATTRIBUTE_ID,CATEGORY_ATTRIBUTE_ID) values (91,93,null);
Insert into DYEXTN_COLUMN_PROPERTIES (IDENTIFIER,PRIMITIVE_ATTRIBUTE_ID,CATEGORY_ATTRIBUTE_ID) values (92,94,null);
Insert into DYEXTN_COLUMN_PROPERTIES (IDENTIFIER,PRIMITIVE_ATTRIBUTE_ID,CATEGORY_ATTRIBUTE_ID) values (93,95,null);
Insert into DYEXTN_COLUMN_PROPERTIES (IDENTIFIER,PRIMITIVE_ATTRIBUTE_ID,CATEGORY_ATTRIBUTE_ID) values (94,96,null);
Insert into DYEXTN_COLUMN_PROPERTIES (IDENTIFIER,PRIMITIVE_ATTRIBUTE_ID,CATEGORY_ATTRIBUTE_ID) values (95,97,null);
Insert into DYEXTN_COLUMN_PROPERTIES (IDENTIFIER,PRIMITIVE_ATTRIBUTE_ID,CATEGORY_ATTRIBUTE_ID) values (96,98,null);
Insert into DYEXTN_COLUMN_PROPERTIES (IDENTIFIER,PRIMITIVE_ATTRIBUTE_ID,CATEGORY_ATTRIBUTE_ID) values (97,99,null);
Insert into DYEXTN_COLUMN_PROPERTIES (IDENTIFIER,PRIMITIVE_ATTRIBUTE_ID,CATEGORY_ATTRIBUTE_ID) values (98,100,null);
Insert into DYEXTN_COLUMN_PROPERTIES (IDENTIFIER,PRIMITIVE_ATTRIBUTE_ID,CATEGORY_ATTRIBUTE_ID) values (99,101,null);
Insert into DYEXTN_COLUMN_PROPERTIES (IDENTIFIER,PRIMITIVE_ATTRIBUTE_ID,CATEGORY_ATTRIBUTE_ID) values (100,102,null);
Insert into DYEXTN_COLUMN_PROPERTIES (IDENTIFIER,PRIMITIVE_ATTRIBUTE_ID,CATEGORY_ATTRIBUTE_ID) values (101,103,null);
Insert into DYEXTN_COLUMN_PROPERTIES (IDENTIFIER,PRIMITIVE_ATTRIBUTE_ID,CATEGORY_ATTRIBUTE_ID) values (102,104,null);
Insert into DYEXTN_COLUMN_PROPERTIES (IDENTIFIER,PRIMITIVE_ATTRIBUTE_ID,CATEGORY_ATTRIBUTE_ID) values (108,112,null);
Insert into DYEXTN_COLUMN_PROPERTIES (IDENTIFIER,PRIMITIVE_ATTRIBUTE_ID,CATEGORY_ATTRIBUTE_ID) values (109,113,null);
Insert into DYEXTN_COLUMN_PROPERTIES (IDENTIFIER,PRIMITIVE_ATTRIBUTE_ID,CATEGORY_ATTRIBUTE_ID) values (110,114,null);
Insert into DYEXTN_COLUMN_PROPERTIES (IDENTIFIER,PRIMITIVE_ATTRIBUTE_ID,CATEGORY_ATTRIBUTE_ID) values (111,115,null);
Insert into DYEXTN_COLUMN_PROPERTIES (IDENTIFIER,PRIMITIVE_ATTRIBUTE_ID,CATEGORY_ATTRIBUTE_ID) values (112,116,null);
Insert into DYEXTN_COLUMN_PROPERTIES (IDENTIFIER,PRIMITIVE_ATTRIBUTE_ID,CATEGORY_ATTRIBUTE_ID) values (114,117,null);
Insert into DYEXTN_COLUMN_PROPERTIES (IDENTIFIER,PRIMITIVE_ATTRIBUTE_ID,CATEGORY_ATTRIBUTE_ID) values (115,118,null);
Insert into DYEXTN_COLUMN_PROPERTIES (IDENTIFIER,PRIMITIVE_ATTRIBUTE_ID,CATEGORY_ATTRIBUTE_ID) values (118,119,null);
Insert into DYEXTN_COLUMN_PROPERTIES (IDENTIFIER,PRIMITIVE_ATTRIBUTE_ID,CATEGORY_ATTRIBUTE_ID) values (119,120,null);
Insert into DYEXTN_COLUMN_PROPERTIES (IDENTIFIER,PRIMITIVE_ATTRIBUTE_ID,CATEGORY_ATTRIBUTE_ID) values (120,121,null);
Insert into DYEXTN_COLUMN_PROPERTIES (IDENTIFIER,PRIMITIVE_ATTRIBUTE_ID,CATEGORY_ATTRIBUTE_ID) values (121,122,null);

UPDATE dyextn_primitive_attribute SET IS_IDENTIFIED =1 where IDENTIFIER in (119,95,103,101,97,94,100,117,87);

INSERT INTO DYEXTN_DATA_ELEMENT (IDENTIFIER,CATEGORY_ATTRIBUTE_ID,ATTRIBUTE_TYPE_INFO_ID) VALUES (1,NULL,65);
INSERT INTO DYEXTN_DATA_ELEMENT (IDENTIFIER,CATEGORY_ATTRIBUTE_ID,ATTRIBUTE_TYPE_INFO_ID) VALUES (2,NULL,8);
INSERT INTO DYEXTN_DATA_ELEMENT (IDENTIFIER,CATEGORY_ATTRIBUTE_ID,ATTRIBUTE_TYPE_INFO_ID) VALUES (3,NULL,4);
INSERT INTO DYEXTN_DATA_ELEMENT (IDENTIFIER,CATEGORY_ATTRIBUTE_ID,ATTRIBUTE_TYPE_INFO_ID) VALUES (4,NULL,56);
INSERT INTO DYEXTN_DATA_ELEMENT (IDENTIFIER,CATEGORY_ATTRIBUTE_ID,ATTRIBUTE_TYPE_INFO_ID) VALUES (5,NULL,58);
INSERT INTO DYEXTN_DATA_ELEMENT (IDENTIFIER,CATEGORY_ATTRIBUTE_ID,ATTRIBUTE_TYPE_INFO_ID) VALUES (6,NULL,62);
INSERT INTO DYEXTN_DATA_ELEMENT (IDENTIFIER,CATEGORY_ATTRIBUTE_ID,ATTRIBUTE_TYPE_INFO_ID) VALUES (7,NULL,64);

INSERT INTO DYEXTN_USERDEFINED_DE (IDENTIFIER) VALUES (1);
INSERT INTO DYEXTN_USERDEFINED_DE (IDENTIFIER) VALUES (2);
INSERT INTO DYEXTN_USERDEFINED_DE (IDENTIFIER) VALUES (3);
INSERT INTO DYEXTN_USERDEFINED_DE (IDENTIFIER) VALUES (4);
INSERT INTO DYEXTN_USERDEFINED_DE (IDENTIFIER) VALUES (5);
INSERT INTO DYEXTN_USERDEFINED_DE (IDENTIFIER) VALUES (6);
INSERT INTO DYEXTN_USERDEFINED_DE (IDENTIFIER) VALUES (7);

INSERT INTO DYEXTN_PERMISSIBLE_VALUE (IDENTIFIER,DESCRIPTION,CATEGORY_ATTRIBUTE_ID,ATTRIBUTE_TYPE_INFO_ID) VALUES (1,NULL,NULL,NULL);
INSERT INTO DYEXTN_PERMISSIBLE_VALUE (IDENTIFIER,DESCRIPTION,CATEGORY_ATTRIBUTE_ID,ATTRIBUTE_TYPE_INFO_ID) VALUES (2,NULL,NULL,NULL);
INSERT INTO DYEXTN_PERMISSIBLE_VALUE (IDENTIFIER,DESCRIPTION,CATEGORY_ATTRIBUTE_ID,ATTRIBUTE_TYPE_INFO_ID) VALUES (3,NULL,NULL,NULL);
INSERT INTO DYEXTN_PERMISSIBLE_VALUE (IDENTIFIER,DESCRIPTION,CATEGORY_ATTRIBUTE_ID,ATTRIBUTE_TYPE_INFO_ID) VALUES (4,NULL,NULL,65);
INSERT INTO DYEXTN_PERMISSIBLE_VALUE (IDENTIFIER,DESCRIPTION,CATEGORY_ATTRIBUTE_ID,ATTRIBUTE_TYPE_INFO_ID) VALUES (5,NULL,NULL,NULL);
INSERT INTO DYEXTN_PERMISSIBLE_VALUE (IDENTIFIER,DESCRIPTION,CATEGORY_ATTRIBUTE_ID,ATTRIBUTE_TYPE_INFO_ID) VALUES (6,NULL,NULL,NULL);
INSERT INTO DYEXTN_PERMISSIBLE_VALUE (IDENTIFIER,DESCRIPTION,CATEGORY_ATTRIBUTE_ID,ATTRIBUTE_TYPE_INFO_ID) VALUES (7,NULL,NULL,NULL);
INSERT INTO DYEXTN_PERMISSIBLE_VALUE (IDENTIFIER,DESCRIPTION,CATEGORY_ATTRIBUTE_ID,ATTRIBUTE_TYPE_INFO_ID) VALUES (8,NULL,NULL,NULL);
INSERT INTO DYEXTN_PERMISSIBLE_VALUE (IDENTIFIER,DESCRIPTION,CATEGORY_ATTRIBUTE_ID,ATTRIBUTE_TYPE_INFO_ID) VALUES (9,NULL,NULL,NULL);
INSERT INTO DYEXTN_PERMISSIBLE_VALUE (IDENTIFIER,DESCRIPTION,CATEGORY_ATTRIBUTE_ID,ATTRIBUTE_TYPE_INFO_ID) VALUES (10,NULL,NULL,NULL);
INSERT INTO DYEXTN_PERMISSIBLE_VALUE (IDENTIFIER,DESCRIPTION,CATEGORY_ATTRIBUTE_ID,ATTRIBUTE_TYPE_INFO_ID) VALUES (11,NULL,NULL,NULL);
INSERT INTO DYEXTN_PERMISSIBLE_VALUE (IDENTIFIER,DESCRIPTION,CATEGORY_ATTRIBUTE_ID,ATTRIBUTE_TYPE_INFO_ID) VALUES (12,NULL,NULL,NULL);
INSERT INTO DYEXTN_PERMISSIBLE_VALUE (IDENTIFIER,DESCRIPTION,CATEGORY_ATTRIBUTE_ID,ATTRIBUTE_TYPE_INFO_ID) VALUES (13,NULL,NULL,NULL);
INSERT INTO DYEXTN_PERMISSIBLE_VALUE (IDENTIFIER,DESCRIPTION,CATEGORY_ATTRIBUTE_ID,ATTRIBUTE_TYPE_INFO_ID) VALUES (14,NULL,NULL,NULL);
INSERT INTO DYEXTN_PERMISSIBLE_VALUE (IDENTIFIER,DESCRIPTION,CATEGORY_ATTRIBUTE_ID,ATTRIBUTE_TYPE_INFO_ID) VALUES (15,NULL,NULL,NULL);
INSERT INTO DYEXTN_PERMISSIBLE_VALUE (IDENTIFIER,DESCRIPTION,CATEGORY_ATTRIBUTE_ID,ATTRIBUTE_TYPE_INFO_ID) VALUES (16,NULL,NULL,NULL);
INSERT INTO DYEXTN_PERMISSIBLE_VALUE (IDENTIFIER,DESCRIPTION,CATEGORY_ATTRIBUTE_ID,ATTRIBUTE_TYPE_INFO_ID) VALUES (17,NULL,NULL,NULL);
INSERT INTO DYEXTN_PERMISSIBLE_VALUE (IDENTIFIER,DESCRIPTION,CATEGORY_ATTRIBUTE_ID,ATTRIBUTE_TYPE_INFO_ID) VALUES (18,NULL,NULL,NULL);
INSERT INTO DYEXTN_PERMISSIBLE_VALUE (IDENTIFIER,DESCRIPTION,CATEGORY_ATTRIBUTE_ID,ATTRIBUTE_TYPE_INFO_ID) VALUES (19,NULL,NULL,NULL);
INSERT INTO DYEXTN_PERMISSIBLE_VALUE (IDENTIFIER,DESCRIPTION,CATEGORY_ATTRIBUTE_ID,ATTRIBUTE_TYPE_INFO_ID) VALUES (20,NULL,NULL,NULL);
INSERT INTO DYEXTN_PERMISSIBLE_VALUE (IDENTIFIER,DESCRIPTION,CATEGORY_ATTRIBUTE_ID,ATTRIBUTE_TYPE_INFO_ID) VALUES (21,NULL,NULL,NULL);
INSERT INTO DYEXTN_PERMISSIBLE_VALUE (IDENTIFIER,DESCRIPTION,CATEGORY_ATTRIBUTE_ID,ATTRIBUTE_TYPE_INFO_ID) VALUES (22,NULL,NULL,NULL);
INSERT INTO DYEXTN_PERMISSIBLE_VALUE (IDENTIFIER,DESCRIPTION,CATEGORY_ATTRIBUTE_ID,ATTRIBUTE_TYPE_INFO_ID) VALUES (23,NULL,NULL,NULL);
INSERT INTO DYEXTN_PERMISSIBLE_VALUE (IDENTIFIER,DESCRIPTION,CATEGORY_ATTRIBUTE_ID,ATTRIBUTE_TYPE_INFO_ID) VALUES (24,NULL,NULL,NULL);
INSERT INTO DYEXTN_PERMISSIBLE_VALUE (IDENTIFIER,DESCRIPTION,CATEGORY_ATTRIBUTE_ID,ATTRIBUTE_TYPE_INFO_ID) VALUES (25,NULL,NULL,NULL);
INSERT INTO DYEXTN_PERMISSIBLE_VALUE (IDENTIFIER,DESCRIPTION,CATEGORY_ATTRIBUTE_ID,ATTRIBUTE_TYPE_INFO_ID) VALUES (26,NULL,NULL,NULL);
INSERT INTO DYEXTN_PERMISSIBLE_VALUE (IDENTIFIER,DESCRIPTION,CATEGORY_ATTRIBUTE_ID,ATTRIBUTE_TYPE_INFO_ID) VALUES (27,NULL,NULL,NULL);
INSERT INTO DYEXTN_PERMISSIBLE_VALUE (IDENTIFIER,DESCRIPTION,CATEGORY_ATTRIBUTE_ID,ATTRIBUTE_TYPE_INFO_ID) VALUES (28,NULL,NULL,NULL);
INSERT INTO DYEXTN_PERMISSIBLE_VALUE (IDENTIFIER,DESCRIPTION,CATEGORY_ATTRIBUTE_ID,ATTRIBUTE_TYPE_INFO_ID) VALUES (29,NULL,NULL,NULL);
INSERT INTO DYEXTN_PERMISSIBLE_VALUE (IDENTIFIER,DESCRIPTION,CATEGORY_ATTRIBUTE_ID,ATTRIBUTE_TYPE_INFO_ID) VALUES (30,NULL,NULL,NULL);
INSERT INTO DYEXTN_PERMISSIBLE_VALUE (IDENTIFIER,DESCRIPTION,CATEGORY_ATTRIBUTE_ID,ATTRIBUTE_TYPE_INFO_ID) VALUES (31,NULL,NULL,NULL);
INSERT INTO DYEXTN_PERMISSIBLE_VALUE (IDENTIFIER,DESCRIPTION,CATEGORY_ATTRIBUTE_ID,ATTRIBUTE_TYPE_INFO_ID) VALUES (32,NULL,NULL,NULL);
INSERT INTO DYEXTN_PERMISSIBLE_VALUE (IDENTIFIER,DESCRIPTION,CATEGORY_ATTRIBUTE_ID,ATTRIBUTE_TYPE_INFO_ID) VALUES (33,NULL,NULL,NULL);
INSERT INTO DYEXTN_PERMISSIBLE_VALUE (IDENTIFIER,DESCRIPTION,CATEGORY_ATTRIBUTE_ID,ATTRIBUTE_TYPE_INFO_ID) VALUES (34,NULL,NULL,NULL);
INSERT INTO DYEXTN_PERMISSIBLE_VALUE (IDENTIFIER,DESCRIPTION,CATEGORY_ATTRIBUTE_ID,ATTRIBUTE_TYPE_INFO_ID) VALUES (35,NULL,NULL,NULL);
INSERT INTO DYEXTN_PERMISSIBLE_VALUE (IDENTIFIER,DESCRIPTION,CATEGORY_ATTRIBUTE_ID,ATTRIBUTE_TYPE_INFO_ID) VALUES (36,NULL,NULL,NULL);
INSERT INTO DYEXTN_PERMISSIBLE_VALUE (IDENTIFIER,DESCRIPTION,CATEGORY_ATTRIBUTE_ID,ATTRIBUTE_TYPE_INFO_ID) VALUES (37,NULL,NULL,NULL);
INSERT INTO DYEXTN_PERMISSIBLE_VALUE (IDENTIFIER,DESCRIPTION,CATEGORY_ATTRIBUTE_ID,ATTRIBUTE_TYPE_INFO_ID) VALUES (38,NULL,NULL,NULL);
INSERT INTO DYEXTN_PERMISSIBLE_VALUE (IDENTIFIER,DESCRIPTION,CATEGORY_ATTRIBUTE_ID,ATTRIBUTE_TYPE_INFO_ID) VALUES (39,NULL,NULL,NULL);
INSERT INTO DYEXTN_PERMISSIBLE_VALUE (IDENTIFIER,DESCRIPTION,CATEGORY_ATTRIBUTE_ID,ATTRIBUTE_TYPE_INFO_ID) VALUES (40,NULL,NULL,NULL);
INSERT INTO DYEXTN_PERMISSIBLE_VALUE (IDENTIFIER,DESCRIPTION,CATEGORY_ATTRIBUTE_ID,ATTRIBUTE_TYPE_INFO_ID) VALUES (41,NULL,NULL,NULL);
INSERT INTO DYEXTN_PERMISSIBLE_VALUE (IDENTIFIER,DESCRIPTION,CATEGORY_ATTRIBUTE_ID,ATTRIBUTE_TYPE_INFO_ID) VALUES (42,NULL,NULL,NULL);
INSERT INTO DYEXTN_PERMISSIBLE_VALUE (IDENTIFIER,DESCRIPTION,CATEGORY_ATTRIBUTE_ID,ATTRIBUTE_TYPE_INFO_ID) VALUES (43,NULL,NULL,NULL);
INSERT INTO DYEXTN_PERMISSIBLE_VALUE (IDENTIFIER,DESCRIPTION,CATEGORY_ATTRIBUTE_ID,ATTRIBUTE_TYPE_INFO_ID) VALUES (44,NULL,NULL,NULL);
INSERT INTO DYEXTN_PERMISSIBLE_VALUE (IDENTIFIER,DESCRIPTION,CATEGORY_ATTRIBUTE_ID,ATTRIBUTE_TYPE_INFO_ID) VALUES (45,NULL,NULL,NULL);
INSERT INTO DYEXTN_PERMISSIBLE_VALUE (IDENTIFIER,DESCRIPTION,CATEGORY_ATTRIBUTE_ID,ATTRIBUTE_TYPE_INFO_ID) VALUES (46,NULL,NULL,NULL);
INSERT INTO DYEXTN_PERMISSIBLE_VALUE (IDENTIFIER,DESCRIPTION,CATEGORY_ATTRIBUTE_ID,ATTRIBUTE_TYPE_INFO_ID) VALUES (47,NULL,NULL,NULL);
INSERT INTO DYEXTN_PERMISSIBLE_VALUE (IDENTIFIER,DESCRIPTION,CATEGORY_ATTRIBUTE_ID,ATTRIBUTE_TYPE_INFO_ID) VALUES (48,NULL,NULL,NULL);
INSERT INTO DYEXTN_PERMISSIBLE_VALUE (IDENTIFIER,DESCRIPTION,CATEGORY_ATTRIBUTE_ID,ATTRIBUTE_TYPE_INFO_ID) VALUES (49,NULL,NULL,NULL);
INSERT INTO DYEXTN_PERMISSIBLE_VALUE (IDENTIFIER,DESCRIPTION,CATEGORY_ATTRIBUTE_ID,ATTRIBUTE_TYPE_INFO_ID) VALUES (50,NULL,NULL,NULL);
INSERT INTO DYEXTN_PERMISSIBLE_VALUE (IDENTIFIER,DESCRIPTION,CATEGORY_ATTRIBUTE_ID,ATTRIBUTE_TYPE_INFO_ID) VALUES (51,NULL,NULL,NULL);
INSERT INTO DYEXTN_PERMISSIBLE_VALUE (IDENTIFIER,DESCRIPTION,CATEGORY_ATTRIBUTE_ID,ATTRIBUTE_TYPE_INFO_ID) VALUES (52,NULL,NULL,NULL);
INSERT INTO DYEXTN_PERMISSIBLE_VALUE (IDENTIFIER,DESCRIPTION,CATEGORY_ATTRIBUTE_ID,ATTRIBUTE_TYPE_INFO_ID) VALUES (53,NULL,NULL,NULL);
INSERT INTO DYEXTN_PERMISSIBLE_VALUE (IDENTIFIER,DESCRIPTION,CATEGORY_ATTRIBUTE_ID,ATTRIBUTE_TYPE_INFO_ID) VALUES (54,NULL,NULL,NULL);
INSERT INTO DYEXTN_PERMISSIBLE_VALUE (IDENTIFIER,DESCRIPTION,CATEGORY_ATTRIBUTE_ID,ATTRIBUTE_TYPE_INFO_ID) VALUES (55,NULL,NULL,NULL);
INSERT INTO DYEXTN_PERMISSIBLE_VALUE (IDENTIFIER,DESCRIPTION,CATEGORY_ATTRIBUTE_ID,ATTRIBUTE_TYPE_INFO_ID) VALUES (56,NULL,NULL,NULL);
INSERT INTO DYEXTN_PERMISSIBLE_VALUE (IDENTIFIER,DESCRIPTION,CATEGORY_ATTRIBUTE_ID,ATTRIBUTE_TYPE_INFO_ID) VALUES (57,NULL,NULL,NULL);
INSERT INTO DYEXTN_PERMISSIBLE_VALUE (IDENTIFIER,DESCRIPTION,CATEGORY_ATTRIBUTE_ID,ATTRIBUTE_TYPE_INFO_ID) VALUES (58,NULL,NULL,NULL);
INSERT INTO DYEXTN_PERMISSIBLE_VALUE (IDENTIFIER,DESCRIPTION,CATEGORY_ATTRIBUTE_ID,ATTRIBUTE_TYPE_INFO_ID) VALUES (59,NULL,NULL,NULL);
INSERT INTO DYEXTN_PERMISSIBLE_VALUE (IDENTIFIER,DESCRIPTION,CATEGORY_ATTRIBUTE_ID,ATTRIBUTE_TYPE_INFO_ID) VALUES (60,NULL,NULL,NULL);
INSERT INTO DYEXTN_PERMISSIBLE_VALUE (IDENTIFIER,DESCRIPTION,CATEGORY_ATTRIBUTE_ID,ATTRIBUTE_TYPE_INFO_ID) VALUES (61,NULL,NULL,NULL);
INSERT INTO DYEXTN_PERMISSIBLE_VALUE (IDENTIFIER,DESCRIPTION,CATEGORY_ATTRIBUTE_ID,ATTRIBUTE_TYPE_INFO_ID) VALUES (62,NULL,NULL,NULL);
INSERT INTO DYEXTN_PERMISSIBLE_VALUE (IDENTIFIER,DESCRIPTION,CATEGORY_ATTRIBUTE_ID,ATTRIBUTE_TYPE_INFO_ID) VALUES (63,NULL,NULL,NULL);
INSERT INTO DYEXTN_PERMISSIBLE_VALUE (IDENTIFIER,DESCRIPTION,CATEGORY_ATTRIBUTE_ID,ATTRIBUTE_TYPE_INFO_ID) VALUES (64,NULL,NULL,NULL);
INSERT INTO DYEXTN_PERMISSIBLE_VALUE (IDENTIFIER,DESCRIPTION,CATEGORY_ATTRIBUTE_ID,ATTRIBUTE_TYPE_INFO_ID) VALUES (65,NULL,NULL,NULL);
INSERT INTO DYEXTN_PERMISSIBLE_VALUE (IDENTIFIER,DESCRIPTION,CATEGORY_ATTRIBUTE_ID,ATTRIBUTE_TYPE_INFO_ID) VALUES (66,NULL,NULL,NULL);
INSERT INTO DYEXTN_PERMISSIBLE_VALUE (IDENTIFIER,DESCRIPTION,CATEGORY_ATTRIBUTE_ID,ATTRIBUTE_TYPE_INFO_ID) VALUES (67,NULL,NULL,NULL);
INSERT INTO DYEXTN_PERMISSIBLE_VALUE (IDENTIFIER,DESCRIPTION,CATEGORY_ATTRIBUTE_ID,ATTRIBUTE_TYPE_INFO_ID) VALUES (68,NULL,NULL,NULL);
INSERT INTO DYEXTN_PERMISSIBLE_VALUE (IDENTIFIER,DESCRIPTION,CATEGORY_ATTRIBUTE_ID,ATTRIBUTE_TYPE_INFO_ID) VALUES (69,NULL,NULL,NULL);
INSERT INTO DYEXTN_PERMISSIBLE_VALUE (IDENTIFIER,DESCRIPTION,CATEGORY_ATTRIBUTE_ID,ATTRIBUTE_TYPE_INFO_ID) VALUES (70,NULL,NULL,NULL);
INSERT INTO DYEXTN_PERMISSIBLE_VALUE (IDENTIFIER,DESCRIPTION,CATEGORY_ATTRIBUTE_ID,ATTRIBUTE_TYPE_INFO_ID) VALUES (71,NULL,NULL,NULL);
INSERT INTO DYEXTN_PERMISSIBLE_VALUE (IDENTIFIER,DESCRIPTION,CATEGORY_ATTRIBUTE_ID,ATTRIBUTE_TYPE_INFO_ID) VALUES (72,NULL,NULL,NULL);
INSERT INTO DYEXTN_PERMISSIBLE_VALUE (IDENTIFIER,DESCRIPTION,CATEGORY_ATTRIBUTE_ID,ATTRIBUTE_TYPE_INFO_ID) VALUES (73,NULL,NULL,NULL);
INSERT INTO DYEXTN_PERMISSIBLE_VALUE (IDENTIFIER,DESCRIPTION,CATEGORY_ATTRIBUTE_ID,ATTRIBUTE_TYPE_INFO_ID) VALUES (74,NULL,NULL,NULL);
INSERT INTO DYEXTN_PERMISSIBLE_VALUE (IDENTIFIER,DESCRIPTION,CATEGORY_ATTRIBUTE_ID,ATTRIBUTE_TYPE_INFO_ID) VALUES (75,NULL,NULL,NULL);
INSERT INTO DYEXTN_PERMISSIBLE_VALUE (IDENTIFIER,DESCRIPTION,CATEGORY_ATTRIBUTE_ID,ATTRIBUTE_TYPE_INFO_ID) VALUES (76,NULL,NULL,NULL);
INSERT INTO DYEXTN_PERMISSIBLE_VALUE (IDENTIFIER,DESCRIPTION,CATEGORY_ATTRIBUTE_ID,ATTRIBUTE_TYPE_INFO_ID) VALUES (77,NULL,NULL,NULL);
INSERT INTO DYEXTN_PERMISSIBLE_VALUE (IDENTIFIER,DESCRIPTION,CATEGORY_ATTRIBUTE_ID,ATTRIBUTE_TYPE_INFO_ID) VALUES (78,NULL,NULL,NULL);
INSERT INTO DYEXTN_PERMISSIBLE_VALUE (IDENTIFIER,DESCRIPTION,CATEGORY_ATTRIBUTE_ID,ATTRIBUTE_TYPE_INFO_ID) VALUES (79,NULL,NULL,NULL);
INSERT INTO DYEXTN_PERMISSIBLE_VALUE (IDENTIFIER,DESCRIPTION,CATEGORY_ATTRIBUTE_ID,ATTRIBUTE_TYPE_INFO_ID) VALUES (80,NULL,NULL,NULL);
INSERT INTO DYEXTN_PERMISSIBLE_VALUE (IDENTIFIER,DESCRIPTION,CATEGORY_ATTRIBUTE_ID,ATTRIBUTE_TYPE_INFO_ID) VALUES (81,NULL,NULL,NULL);
INSERT INTO DYEXTN_PERMISSIBLE_VALUE (IDENTIFIER,DESCRIPTION,CATEGORY_ATTRIBUTE_ID,ATTRIBUTE_TYPE_INFO_ID) VALUES (82,NULL,NULL,NULL);
INSERT INTO DYEXTN_PERMISSIBLE_VALUE (IDENTIFIER,DESCRIPTION,CATEGORY_ATTRIBUTE_ID,ATTRIBUTE_TYPE_INFO_ID) VALUES (83,NULL,NULL,NULL);
INSERT INTO DYEXTN_PERMISSIBLE_VALUE (IDENTIFIER,DESCRIPTION,CATEGORY_ATTRIBUTE_ID,ATTRIBUTE_TYPE_INFO_ID) VALUES (84,NULL,NULL,NULL);
INSERT INTO DYEXTN_PERMISSIBLE_VALUE (IDENTIFIER,DESCRIPTION,CATEGORY_ATTRIBUTE_ID,ATTRIBUTE_TYPE_INFO_ID) VALUES (85,NULL,NULL,NULL);
INSERT INTO DYEXTN_PERMISSIBLE_VALUE (IDENTIFIER,DESCRIPTION,CATEGORY_ATTRIBUTE_ID,ATTRIBUTE_TYPE_INFO_ID) VALUES (86,NULL,NULL,NULL);
INSERT INTO DYEXTN_PERMISSIBLE_VALUE (IDENTIFIER,DESCRIPTION,CATEGORY_ATTRIBUTE_ID,ATTRIBUTE_TYPE_INFO_ID) VALUES (87,NULL,NULL,NULL);
INSERT INTO DYEXTN_PERMISSIBLE_VALUE (IDENTIFIER,DESCRIPTION,CATEGORY_ATTRIBUTE_ID,ATTRIBUTE_TYPE_INFO_ID) VALUES (88,NULL,NULL,NULL);
INSERT INTO DYEXTN_PERMISSIBLE_VALUE (IDENTIFIER,DESCRIPTION,CATEGORY_ATTRIBUTE_ID,ATTRIBUTE_TYPE_INFO_ID) VALUES (89,NULL,NULL,NULL);
INSERT INTO DYEXTN_PERMISSIBLE_VALUE (IDENTIFIER,DESCRIPTION,CATEGORY_ATTRIBUTE_ID,ATTRIBUTE_TYPE_INFO_ID) VALUES (90,NULL,NULL,NULL);
INSERT INTO DYEXTN_PERMISSIBLE_VALUE (IDENTIFIER,DESCRIPTION,CATEGORY_ATTRIBUTE_ID,ATTRIBUTE_TYPE_INFO_ID) VALUES (91,NULL,NULL,NULL);
INSERT INTO DYEXTN_PERMISSIBLE_VALUE (IDENTIFIER,DESCRIPTION,CATEGORY_ATTRIBUTE_ID,ATTRIBUTE_TYPE_INFO_ID) VALUES (92,NULL,NULL,NULL);
INSERT INTO DYEXTN_PERMISSIBLE_VALUE (IDENTIFIER,DESCRIPTION,CATEGORY_ATTRIBUTE_ID,ATTRIBUTE_TYPE_INFO_ID) VALUES (93,NULL,NULL,NULL);
INSERT INTO DYEXTN_PERMISSIBLE_VALUE (IDENTIFIER,DESCRIPTION,CATEGORY_ATTRIBUTE_ID,ATTRIBUTE_TYPE_INFO_ID) VALUES (94,NULL,NULL,NULL);
INSERT INTO DYEXTN_PERMISSIBLE_VALUE (IDENTIFIER,DESCRIPTION,CATEGORY_ATTRIBUTE_ID,ATTRIBUTE_TYPE_INFO_ID) VALUES (95,NULL,NULL,NULL);
INSERT INTO DYEXTN_PERMISSIBLE_VALUE (IDENTIFIER,DESCRIPTION,CATEGORY_ATTRIBUTE_ID,ATTRIBUTE_TYPE_INFO_ID) VALUES (96,NULL,NULL,NULL);
INSERT INTO DYEXTN_PERMISSIBLE_VALUE (IDENTIFIER,DESCRIPTION,CATEGORY_ATTRIBUTE_ID,ATTRIBUTE_TYPE_INFO_ID) VALUES (97,NULL,NULL,NULL);
INSERT INTO DYEXTN_PERMISSIBLE_VALUE (IDENTIFIER,DESCRIPTION,CATEGORY_ATTRIBUTE_ID,ATTRIBUTE_TYPE_INFO_ID) VALUES (98,NULL,NULL,NULL);
INSERT INTO DYEXTN_PERMISSIBLE_VALUE (IDENTIFIER,DESCRIPTION,CATEGORY_ATTRIBUTE_ID,ATTRIBUTE_TYPE_INFO_ID) VALUES (99,NULL,NULL,NULL);
INSERT INTO DYEXTN_PERMISSIBLE_VALUE (IDENTIFIER,DESCRIPTION,CATEGORY_ATTRIBUTE_ID,ATTRIBUTE_TYPE_INFO_ID) VALUES (100,NULL,NULL,8);
INSERT INTO DYEXTN_PERMISSIBLE_VALUE (IDENTIFIER,DESCRIPTION,CATEGORY_ATTRIBUTE_ID,ATTRIBUTE_TYPE_INFO_ID) VALUES (101,NULL,NULL,NULL);
INSERT INTO DYEXTN_PERMISSIBLE_VALUE (IDENTIFIER,DESCRIPTION,CATEGORY_ATTRIBUTE_ID,ATTRIBUTE_TYPE_INFO_ID) VALUES (102,NULL,NULL,NULL);
INSERT INTO DYEXTN_PERMISSIBLE_VALUE (IDENTIFIER,DESCRIPTION,CATEGORY_ATTRIBUTE_ID,ATTRIBUTE_TYPE_INFO_ID) VALUES (103,NULL,NULL,NULL);
INSERT INTO DYEXTN_PERMISSIBLE_VALUE (IDENTIFIER,DESCRIPTION,CATEGORY_ATTRIBUTE_ID,ATTRIBUTE_TYPE_INFO_ID) VALUES (104,NULL,NULL,NULL);
INSERT INTO DYEXTN_PERMISSIBLE_VALUE (IDENTIFIER,DESCRIPTION,CATEGORY_ATTRIBUTE_ID,ATTRIBUTE_TYPE_INFO_ID) VALUES (105,NULL,NULL,NULL);
INSERT INTO DYEXTN_PERMISSIBLE_VALUE (IDENTIFIER,DESCRIPTION,CATEGORY_ATTRIBUTE_ID,ATTRIBUTE_TYPE_INFO_ID) VALUES (106,NULL,NULL,NULL);
INSERT INTO DYEXTN_PERMISSIBLE_VALUE (IDENTIFIER,DESCRIPTION,CATEGORY_ATTRIBUTE_ID,ATTRIBUTE_TYPE_INFO_ID) VALUES (107,NULL,NULL,NULL);
INSERT INTO DYEXTN_PERMISSIBLE_VALUE (IDENTIFIER,DESCRIPTION,CATEGORY_ATTRIBUTE_ID,ATTRIBUTE_TYPE_INFO_ID) VALUES (108,NULL,NULL,NULL);
INSERT INTO DYEXTN_PERMISSIBLE_VALUE (IDENTIFIER,DESCRIPTION,CATEGORY_ATTRIBUTE_ID,ATTRIBUTE_TYPE_INFO_ID) VALUES (109,NULL,NULL,NULL);
INSERT INTO DYEXTN_PERMISSIBLE_VALUE (IDENTIFIER,DESCRIPTION,CATEGORY_ATTRIBUTE_ID,ATTRIBUTE_TYPE_INFO_ID) VALUES (110,NULL,NULL,NULL);
INSERT INTO DYEXTN_PERMISSIBLE_VALUE (IDENTIFIER,DESCRIPTION,CATEGORY_ATTRIBUTE_ID,ATTRIBUTE_TYPE_INFO_ID) VALUES (111,NULL,NULL,NULL);
INSERT INTO DYEXTN_PERMISSIBLE_VALUE (IDENTIFIER,DESCRIPTION,CATEGORY_ATTRIBUTE_ID,ATTRIBUTE_TYPE_INFO_ID) VALUES (112,NULL,NULL,NULL);
INSERT INTO DYEXTN_PERMISSIBLE_VALUE (IDENTIFIER,DESCRIPTION,CATEGORY_ATTRIBUTE_ID,ATTRIBUTE_TYPE_INFO_ID) VALUES (113,NULL,NULL,NULL);
INSERT INTO DYEXTN_PERMISSIBLE_VALUE (IDENTIFIER,DESCRIPTION,CATEGORY_ATTRIBUTE_ID,ATTRIBUTE_TYPE_INFO_ID) VALUES (114,NULL,NULL,NULL);
INSERT INTO DYEXTN_PERMISSIBLE_VALUE (IDENTIFIER,DESCRIPTION,CATEGORY_ATTRIBUTE_ID,ATTRIBUTE_TYPE_INFO_ID) VALUES (115,NULL,NULL,NULL);
INSERT INTO DYEXTN_PERMISSIBLE_VALUE (IDENTIFIER,DESCRIPTION,CATEGORY_ATTRIBUTE_ID,ATTRIBUTE_TYPE_INFO_ID) VALUES (116,NULL,NULL,NULL);
INSERT INTO DYEXTN_PERMISSIBLE_VALUE (IDENTIFIER,DESCRIPTION,CATEGORY_ATTRIBUTE_ID,ATTRIBUTE_TYPE_INFO_ID) VALUES (117,NULL,NULL,NULL);
INSERT INTO DYEXTN_PERMISSIBLE_VALUE (IDENTIFIER,DESCRIPTION,CATEGORY_ATTRIBUTE_ID,ATTRIBUTE_TYPE_INFO_ID) VALUES (118,NULL,NULL,NULL);
INSERT INTO DYEXTN_PERMISSIBLE_VALUE (IDENTIFIER,DESCRIPTION,CATEGORY_ATTRIBUTE_ID,ATTRIBUTE_TYPE_INFO_ID) VALUES (119,NULL,NULL,NULL);
INSERT INTO DYEXTN_PERMISSIBLE_VALUE (IDENTIFIER,DESCRIPTION,CATEGORY_ATTRIBUTE_ID,ATTRIBUTE_TYPE_INFO_ID) VALUES (120,NULL,NULL,NULL);
INSERT INTO DYEXTN_PERMISSIBLE_VALUE (IDENTIFIER,DESCRIPTION,CATEGORY_ATTRIBUTE_ID,ATTRIBUTE_TYPE_INFO_ID) VALUES (121,NULL,NULL,NULL);

INSERT INTO DYEXTN_PERMISSIBLE_VALUE (IDENTIFIER,DESCRIPTION,CATEGORY_ATTRIBUTE_ID,ATTRIBUTE_TYPE_INFO_ID) VALUES (123,NULL,NULL,NULL);
INSERT INTO DYEXTN_PERMISSIBLE_VALUE (IDENTIFIER,DESCRIPTION,CATEGORY_ATTRIBUTE_ID,ATTRIBUTE_TYPE_INFO_ID) VALUES (124,NULL,NULL,NULL);
INSERT INTO DYEXTN_PERMISSIBLE_VALUE (IDENTIFIER,DESCRIPTION,CATEGORY_ATTRIBUTE_ID,ATTRIBUTE_TYPE_INFO_ID) VALUES (125,NULL,NULL,NULL);
INSERT INTO DYEXTN_PERMISSIBLE_VALUE (IDENTIFIER,DESCRIPTION,CATEGORY_ATTRIBUTE_ID,ATTRIBUTE_TYPE_INFO_ID) VALUES (126,NULL,NULL,NULL);
INSERT INTO DYEXTN_PERMISSIBLE_VALUE (IDENTIFIER,DESCRIPTION,CATEGORY_ATTRIBUTE_ID,ATTRIBUTE_TYPE_INFO_ID) VALUES (127,NULL,NULL,NULL);
INSERT INTO DYEXTN_PERMISSIBLE_VALUE (IDENTIFIER,DESCRIPTION,CATEGORY_ATTRIBUTE_ID,ATTRIBUTE_TYPE_INFO_ID) VALUES (128,NULL,NULL,NULL);
INSERT INTO DYEXTN_PERMISSIBLE_VALUE (IDENTIFIER,DESCRIPTION,CATEGORY_ATTRIBUTE_ID,ATTRIBUTE_TYPE_INFO_ID) VALUES (129,NULL,NULL,NULL);
INSERT INTO DYEXTN_PERMISSIBLE_VALUE (IDENTIFIER,DESCRIPTION,CATEGORY_ATTRIBUTE_ID,ATTRIBUTE_TYPE_INFO_ID) VALUES (130,NULL,NULL,NULL);
INSERT INTO DYEXTN_PERMISSIBLE_VALUE (IDENTIFIER,DESCRIPTION,CATEGORY_ATTRIBUTE_ID,ATTRIBUTE_TYPE_INFO_ID) VALUES (131,NULL,NULL,NULL);
INSERT INTO DYEXTN_PERMISSIBLE_VALUE (IDENTIFIER,DESCRIPTION,CATEGORY_ATTRIBUTE_ID,ATTRIBUTE_TYPE_INFO_ID) VALUES (132,NULL,NULL,NULL);
INSERT INTO DYEXTN_PERMISSIBLE_VALUE (IDENTIFIER,DESCRIPTION,CATEGORY_ATTRIBUTE_ID,ATTRIBUTE_TYPE_INFO_ID) VALUES (133,NULL,NULL,NULL);
INSERT INTO DYEXTN_PERMISSIBLE_VALUE (IDENTIFIER,DESCRIPTION,CATEGORY_ATTRIBUTE_ID,ATTRIBUTE_TYPE_INFO_ID) VALUES (134,NULL,NULL,NULL);
INSERT INTO DYEXTN_PERMISSIBLE_VALUE (IDENTIFIER,DESCRIPTION,CATEGORY_ATTRIBUTE_ID,ATTRIBUTE_TYPE_INFO_ID) VALUES (135,NULL,NULL,NULL);
INSERT INTO DYEXTN_PERMISSIBLE_VALUE (IDENTIFIER,DESCRIPTION,CATEGORY_ATTRIBUTE_ID,ATTRIBUTE_TYPE_INFO_ID) VALUES (136,NULL,NULL,NULL);
INSERT INTO DYEXTN_PERMISSIBLE_VALUE (IDENTIFIER,DESCRIPTION,CATEGORY_ATTRIBUTE_ID,ATTRIBUTE_TYPE_INFO_ID) VALUES (137,NULL,NULL,NULL);
INSERT INTO DYEXTN_PERMISSIBLE_VALUE (IDENTIFIER,DESCRIPTION,CATEGORY_ATTRIBUTE_ID,ATTRIBUTE_TYPE_INFO_ID) VALUES (138,NULL,NULL,NULL);
INSERT INTO DYEXTN_PERMISSIBLE_VALUE (IDENTIFIER,DESCRIPTION,CATEGORY_ATTRIBUTE_ID,ATTRIBUTE_TYPE_INFO_ID) VALUES (139,NULL,NULL,NULL);
INSERT INTO DYEXTN_PERMISSIBLE_VALUE (IDENTIFIER,DESCRIPTION,CATEGORY_ATTRIBUTE_ID,ATTRIBUTE_TYPE_INFO_ID) VALUES (140,NULL,NULL,NULL);
INSERT INTO DYEXTN_PERMISSIBLE_VALUE (IDENTIFIER,DESCRIPTION,CATEGORY_ATTRIBUTE_ID,ATTRIBUTE_TYPE_INFO_ID) VALUES (141,NULL,NULL,NULL);
INSERT INTO DYEXTN_PERMISSIBLE_VALUE (IDENTIFIER,DESCRIPTION,CATEGORY_ATTRIBUTE_ID,ATTRIBUTE_TYPE_INFO_ID) VALUES (142,NULL,NULL,NULL);
INSERT INTO DYEXTN_PERMISSIBLE_VALUE (IDENTIFIER,DESCRIPTION,CATEGORY_ATTRIBUTE_ID,ATTRIBUTE_TYPE_INFO_ID) VALUES (143,NULL,NULL,NULL);
INSERT INTO DYEXTN_PERMISSIBLE_VALUE (IDENTIFIER,DESCRIPTION,CATEGORY_ATTRIBUTE_ID,ATTRIBUTE_TYPE_INFO_ID) VALUES (144,NULL,NULL,NULL);
INSERT INTO DYEXTN_PERMISSIBLE_VALUE (IDENTIFIER,DESCRIPTION,CATEGORY_ATTRIBUTE_ID,ATTRIBUTE_TYPE_INFO_ID) VALUES (145,NULL,NULL,NULL);
INSERT INTO DYEXTN_PERMISSIBLE_VALUE (IDENTIFIER,DESCRIPTION,CATEGORY_ATTRIBUTE_ID,ATTRIBUTE_TYPE_INFO_ID) VALUES (146,NULL,NULL,NULL);
INSERT INTO DYEXTN_PERMISSIBLE_VALUE (IDENTIFIER,DESCRIPTION,CATEGORY_ATTRIBUTE_ID,ATTRIBUTE_TYPE_INFO_ID) VALUES (147,NULL,NULL,NULL);
INSERT INTO DYEXTN_PERMISSIBLE_VALUE (IDENTIFIER,DESCRIPTION,CATEGORY_ATTRIBUTE_ID,ATTRIBUTE_TYPE_INFO_ID) VALUES (148,NULL,NULL,NULL);
INSERT INTO DYEXTN_PERMISSIBLE_VALUE (IDENTIFIER,DESCRIPTION,CATEGORY_ATTRIBUTE_ID,ATTRIBUTE_TYPE_INFO_ID) VALUES (149,NULL,NULL,NULL);
INSERT INTO DYEXTN_PERMISSIBLE_VALUE (IDENTIFIER,DESCRIPTION,CATEGORY_ATTRIBUTE_ID,ATTRIBUTE_TYPE_INFO_ID) VALUES (150,NULL,NULL,NULL);
INSERT INTO DYEXTN_PERMISSIBLE_VALUE (IDENTIFIER,DESCRIPTION,CATEGORY_ATTRIBUTE_ID,ATTRIBUTE_TYPE_INFO_ID) VALUES (151,NULL,NULL,NULL);
INSERT INTO DYEXTN_PERMISSIBLE_VALUE (IDENTIFIER,DESCRIPTION,CATEGORY_ATTRIBUTE_ID,ATTRIBUTE_TYPE_INFO_ID) VALUES (152,NULL,NULL,NULL);
INSERT INTO DYEXTN_PERMISSIBLE_VALUE (IDENTIFIER,DESCRIPTION,CATEGORY_ATTRIBUTE_ID,ATTRIBUTE_TYPE_INFO_ID) VALUES (153,NULL,NULL,NULL);
INSERT INTO DYEXTN_PERMISSIBLE_VALUE (IDENTIFIER,DESCRIPTION,CATEGORY_ATTRIBUTE_ID,ATTRIBUTE_TYPE_INFO_ID) VALUES (154,NULL,NULL,NULL);
INSERT INTO DYEXTN_PERMISSIBLE_VALUE (IDENTIFIER,DESCRIPTION,CATEGORY_ATTRIBUTE_ID,ATTRIBUTE_TYPE_INFO_ID) VALUES (155,NULL,NULL,NULL);
INSERT INTO DYEXTN_PERMISSIBLE_VALUE (IDENTIFIER,DESCRIPTION,CATEGORY_ATTRIBUTE_ID,ATTRIBUTE_TYPE_INFO_ID) VALUES (156,NULL,NULL,NULL);
INSERT INTO DYEXTN_PERMISSIBLE_VALUE (IDENTIFIER,DESCRIPTION,CATEGORY_ATTRIBUTE_ID,ATTRIBUTE_TYPE_INFO_ID) VALUES (157,NULL,NULL,NULL);
INSERT INTO DYEXTN_PERMISSIBLE_VALUE (IDENTIFIER,DESCRIPTION,CATEGORY_ATTRIBUTE_ID,ATTRIBUTE_TYPE_INFO_ID) VALUES (158,NULL,NULL,NULL);
INSERT INTO DYEXTN_PERMISSIBLE_VALUE (IDENTIFIER,DESCRIPTION,CATEGORY_ATTRIBUTE_ID,ATTRIBUTE_TYPE_INFO_ID) VALUES (159,NULL,NULL,NULL);
INSERT INTO DYEXTN_PERMISSIBLE_VALUE (IDENTIFIER,DESCRIPTION,CATEGORY_ATTRIBUTE_ID,ATTRIBUTE_TYPE_INFO_ID) VALUES (160,NULL,NULL,NULL);
INSERT INTO DYEXTN_PERMISSIBLE_VALUE (IDENTIFIER,DESCRIPTION,CATEGORY_ATTRIBUTE_ID,ATTRIBUTE_TYPE_INFO_ID) VALUES (161,NULL,NULL,NULL);
INSERT INTO DYEXTN_PERMISSIBLE_VALUE (IDENTIFIER,DESCRIPTION,CATEGORY_ATTRIBUTE_ID,ATTRIBUTE_TYPE_INFO_ID) VALUES (162,NULL,NULL,NULL);
INSERT INTO DYEXTN_PERMISSIBLE_VALUE (IDENTIFIER,DESCRIPTION,CATEGORY_ATTRIBUTE_ID,ATTRIBUTE_TYPE_INFO_ID) VALUES (163,NULL,NULL,NULL);
INSERT INTO DYEXTN_PERMISSIBLE_VALUE (IDENTIFIER,DESCRIPTION,CATEGORY_ATTRIBUTE_ID,ATTRIBUTE_TYPE_INFO_ID) VALUES (164,NULL,NULL,NULL);
INSERT INTO DYEXTN_PERMISSIBLE_VALUE (IDENTIFIER,DESCRIPTION,CATEGORY_ATTRIBUTE_ID,ATTRIBUTE_TYPE_INFO_ID) VALUES (165,NULL,NULL,NULL);
INSERT INTO DYEXTN_PERMISSIBLE_VALUE (IDENTIFIER,DESCRIPTION,CATEGORY_ATTRIBUTE_ID,ATTRIBUTE_TYPE_INFO_ID) VALUES (166,NULL,NULL,NULL);
INSERT INTO DYEXTN_PERMISSIBLE_VALUE (IDENTIFIER,DESCRIPTION,CATEGORY_ATTRIBUTE_ID,ATTRIBUTE_TYPE_INFO_ID) VALUES (167,NULL,NULL,NULL);
INSERT INTO DYEXTN_PERMISSIBLE_VALUE (IDENTIFIER,DESCRIPTION,CATEGORY_ATTRIBUTE_ID,ATTRIBUTE_TYPE_INFO_ID) VALUES (168,NULL,NULL,NULL);
INSERT INTO DYEXTN_PERMISSIBLE_VALUE (IDENTIFIER,DESCRIPTION,CATEGORY_ATTRIBUTE_ID,ATTRIBUTE_TYPE_INFO_ID) VALUES (169,NULL,NULL,NULL);
INSERT INTO DYEXTN_PERMISSIBLE_VALUE (IDENTIFIER,DESCRIPTION,CATEGORY_ATTRIBUTE_ID,ATTRIBUTE_TYPE_INFO_ID) VALUES (170,NULL,NULL,NULL);
INSERT INTO DYEXTN_PERMISSIBLE_VALUE (IDENTIFIER,DESCRIPTION,CATEGORY_ATTRIBUTE_ID,ATTRIBUTE_TYPE_INFO_ID) VALUES (171,NULL,NULL,NULL);
INSERT INTO DYEXTN_PERMISSIBLE_VALUE (IDENTIFIER,DESCRIPTION,CATEGORY_ATTRIBUTE_ID,ATTRIBUTE_TYPE_INFO_ID) VALUES (172,NULL,NULL,NULL);
INSERT INTO DYEXTN_PERMISSIBLE_VALUE (IDENTIFIER,DESCRIPTION,CATEGORY_ATTRIBUTE_ID,ATTRIBUTE_TYPE_INFO_ID) VALUES (173,NULL,NULL,NULL);
INSERT INTO DYEXTN_PERMISSIBLE_VALUE (IDENTIFIER,DESCRIPTION,CATEGORY_ATTRIBUTE_ID,ATTRIBUTE_TYPE_INFO_ID) VALUES (174,NULL,NULL,NULL);
INSERT INTO DYEXTN_PERMISSIBLE_VALUE (IDENTIFIER,DESCRIPTION,CATEGORY_ATTRIBUTE_ID,ATTRIBUTE_TYPE_INFO_ID) VALUES (175,NULL,NULL,NULL);
INSERT INTO DYEXTN_PERMISSIBLE_VALUE (IDENTIFIER,DESCRIPTION,CATEGORY_ATTRIBUTE_ID,ATTRIBUTE_TYPE_INFO_ID) VALUES (176,NULL,NULL,NULL);
INSERT INTO DYEXTN_PERMISSIBLE_VALUE (IDENTIFIER,DESCRIPTION,CATEGORY_ATTRIBUTE_ID,ATTRIBUTE_TYPE_INFO_ID) VALUES (177,NULL,NULL,NULL);
INSERT INTO DYEXTN_PERMISSIBLE_VALUE (IDENTIFIER,DESCRIPTION,CATEGORY_ATTRIBUTE_ID,ATTRIBUTE_TYPE_INFO_ID) VALUES (178,NULL,NULL,NULL);
INSERT INTO DYEXTN_PERMISSIBLE_VALUE (IDENTIFIER,DESCRIPTION,CATEGORY_ATTRIBUTE_ID,ATTRIBUTE_TYPE_INFO_ID) VALUES (179,NULL,NULL,NULL);
INSERT INTO DYEXTN_PERMISSIBLE_VALUE (IDENTIFIER,DESCRIPTION,CATEGORY_ATTRIBUTE_ID,ATTRIBUTE_TYPE_INFO_ID) VALUES (180,NULL,NULL,NULL);
INSERT INTO DYEXTN_PERMISSIBLE_VALUE (IDENTIFIER,DESCRIPTION,CATEGORY_ATTRIBUTE_ID,ATTRIBUTE_TYPE_INFO_ID) VALUES (181,NULL,NULL,NULL);
INSERT INTO DYEXTN_PERMISSIBLE_VALUE (IDENTIFIER,DESCRIPTION,CATEGORY_ATTRIBUTE_ID,ATTRIBUTE_TYPE_INFO_ID) VALUES (182,NULL,NULL,NULL);
INSERT INTO DYEXTN_PERMISSIBLE_VALUE (IDENTIFIER,DESCRIPTION,CATEGORY_ATTRIBUTE_ID,ATTRIBUTE_TYPE_INFO_ID) VALUES (183,NULL,NULL,NULL);
INSERT INTO DYEXTN_PERMISSIBLE_VALUE (IDENTIFIER,DESCRIPTION,CATEGORY_ATTRIBUTE_ID,ATTRIBUTE_TYPE_INFO_ID) VALUES (184,NULL,NULL,NULL);
INSERT INTO DYEXTN_PERMISSIBLE_VALUE (IDENTIFIER,DESCRIPTION,CATEGORY_ATTRIBUTE_ID,ATTRIBUTE_TYPE_INFO_ID) VALUES (185,NULL,NULL,NULL);
INSERT INTO DYEXTN_PERMISSIBLE_VALUE (IDENTIFIER,DESCRIPTION,CATEGORY_ATTRIBUTE_ID,ATTRIBUTE_TYPE_INFO_ID) VALUES (186,NULL,NULL,NULL);
INSERT INTO DYEXTN_PERMISSIBLE_VALUE (IDENTIFIER,DESCRIPTION,CATEGORY_ATTRIBUTE_ID,ATTRIBUTE_TYPE_INFO_ID) VALUES (187,NULL,NULL,NULL);
INSERT INTO DYEXTN_PERMISSIBLE_VALUE (IDENTIFIER,DESCRIPTION,CATEGORY_ATTRIBUTE_ID,ATTRIBUTE_TYPE_INFO_ID) VALUES (188,NULL,NULL,NULL);
INSERT INTO DYEXTN_PERMISSIBLE_VALUE (IDENTIFIER,DESCRIPTION,CATEGORY_ATTRIBUTE_ID,ATTRIBUTE_TYPE_INFO_ID) VALUES (189,NULL,NULL,NULL);
INSERT INTO DYEXTN_PERMISSIBLE_VALUE (IDENTIFIER,DESCRIPTION,CATEGORY_ATTRIBUTE_ID,ATTRIBUTE_TYPE_INFO_ID) VALUES (190,NULL,NULL,NULL);
INSERT INTO DYEXTN_PERMISSIBLE_VALUE (IDENTIFIER,DESCRIPTION,CATEGORY_ATTRIBUTE_ID,ATTRIBUTE_TYPE_INFO_ID) VALUES (191,NULL,NULL,NULL);
INSERT INTO DYEXTN_PERMISSIBLE_VALUE (IDENTIFIER,DESCRIPTION,CATEGORY_ATTRIBUTE_ID,ATTRIBUTE_TYPE_INFO_ID) VALUES (192,NULL,NULL,NULL);
INSERT INTO DYEXTN_PERMISSIBLE_VALUE (IDENTIFIER,DESCRIPTION,CATEGORY_ATTRIBUTE_ID,ATTRIBUTE_TYPE_INFO_ID) VALUES (193,NULL,NULL,NULL);
INSERT INTO DYEXTN_PERMISSIBLE_VALUE (IDENTIFIER,DESCRIPTION,CATEGORY_ATTRIBUTE_ID,ATTRIBUTE_TYPE_INFO_ID) VALUES (194,NULL,NULL,NULL);
INSERT INTO DYEXTN_PERMISSIBLE_VALUE (IDENTIFIER,DESCRIPTION,CATEGORY_ATTRIBUTE_ID,ATTRIBUTE_TYPE_INFO_ID) VALUES (195,NULL,NULL,NULL);
INSERT INTO DYEXTN_PERMISSIBLE_VALUE (IDENTIFIER,DESCRIPTION,CATEGORY_ATTRIBUTE_ID,ATTRIBUTE_TYPE_INFO_ID) VALUES (196,NULL,NULL,NULL);
INSERT INTO DYEXTN_PERMISSIBLE_VALUE (IDENTIFIER,DESCRIPTION,CATEGORY_ATTRIBUTE_ID,ATTRIBUTE_TYPE_INFO_ID) VALUES (197,NULL,NULL,NULL);
INSERT INTO DYEXTN_PERMISSIBLE_VALUE (IDENTIFIER,DESCRIPTION,CATEGORY_ATTRIBUTE_ID,ATTRIBUTE_TYPE_INFO_ID) VALUES (198,NULL,NULL,NULL);
INSERT INTO DYEXTN_PERMISSIBLE_VALUE (IDENTIFIER,DESCRIPTION,CATEGORY_ATTRIBUTE_ID,ATTRIBUTE_TYPE_INFO_ID) VALUES (199,NULL,NULL,NULL);
INSERT INTO DYEXTN_PERMISSIBLE_VALUE (IDENTIFIER,DESCRIPTION,CATEGORY_ATTRIBUTE_ID,ATTRIBUTE_TYPE_INFO_ID) VALUES (200,NULL,NULL,NULL);
INSERT INTO DYEXTN_PERMISSIBLE_VALUE (IDENTIFIER,DESCRIPTION,CATEGORY_ATTRIBUTE_ID,ATTRIBUTE_TYPE_INFO_ID) VALUES (201,NULL,NULL,NULL);
INSERT INTO DYEXTN_PERMISSIBLE_VALUE (IDENTIFIER,DESCRIPTION,CATEGORY_ATTRIBUTE_ID,ATTRIBUTE_TYPE_INFO_ID) VALUES (202,NULL,NULL,NULL);
INSERT INTO DYEXTN_PERMISSIBLE_VALUE (IDENTIFIER,DESCRIPTION,CATEGORY_ATTRIBUTE_ID,ATTRIBUTE_TYPE_INFO_ID) VALUES (203,NULL,NULL,NULL);
INSERT INTO DYEXTN_PERMISSIBLE_VALUE (IDENTIFIER,DESCRIPTION,CATEGORY_ATTRIBUTE_ID,ATTRIBUTE_TYPE_INFO_ID) VALUES (204,NULL,NULL,NULL);
INSERT INTO DYEXTN_PERMISSIBLE_VALUE (IDENTIFIER,DESCRIPTION,CATEGORY_ATTRIBUTE_ID,ATTRIBUTE_TYPE_INFO_ID) VALUES (205,NULL,NULL,NULL);
INSERT INTO DYEXTN_PERMISSIBLE_VALUE (IDENTIFIER,DESCRIPTION,CATEGORY_ATTRIBUTE_ID,ATTRIBUTE_TYPE_INFO_ID) VALUES (206,NULL,NULL,NULL);
INSERT INTO DYEXTN_PERMISSIBLE_VALUE (IDENTIFIER,DESCRIPTION,CATEGORY_ATTRIBUTE_ID,ATTRIBUTE_TYPE_INFO_ID) VALUES (207,NULL,NULL,NULL);
INSERT INTO DYEXTN_PERMISSIBLE_VALUE (IDENTIFIER,DESCRIPTION,CATEGORY_ATTRIBUTE_ID,ATTRIBUTE_TYPE_INFO_ID) VALUES (208,NULL,NULL,NULL);
INSERT INTO DYEXTN_PERMISSIBLE_VALUE (IDENTIFIER,DESCRIPTION,CATEGORY_ATTRIBUTE_ID,ATTRIBUTE_TYPE_INFO_ID) VALUES (209,NULL,NULL,NULL);
INSERT INTO DYEXTN_PERMISSIBLE_VALUE (IDENTIFIER,DESCRIPTION,CATEGORY_ATTRIBUTE_ID,ATTRIBUTE_TYPE_INFO_ID) VALUES (210,NULL,NULL,NULL);
INSERT INTO DYEXTN_PERMISSIBLE_VALUE (IDENTIFIER,DESCRIPTION,CATEGORY_ATTRIBUTE_ID,ATTRIBUTE_TYPE_INFO_ID) VALUES (211,NULL,NULL,NULL);
INSERT INTO DYEXTN_PERMISSIBLE_VALUE (IDENTIFIER,DESCRIPTION,CATEGORY_ATTRIBUTE_ID,ATTRIBUTE_TYPE_INFO_ID) VALUES (212,NULL,NULL,NULL);
INSERT INTO DYEXTN_PERMISSIBLE_VALUE (IDENTIFIER,DESCRIPTION,CATEGORY_ATTRIBUTE_ID,ATTRIBUTE_TYPE_INFO_ID) VALUES (213,NULL,NULL,NULL);
INSERT INTO DYEXTN_PERMISSIBLE_VALUE (IDENTIFIER,DESCRIPTION,CATEGORY_ATTRIBUTE_ID,ATTRIBUTE_TYPE_INFO_ID) VALUES (214,NULL,NULL,NULL);
INSERT INTO DYEXTN_PERMISSIBLE_VALUE (IDENTIFIER,DESCRIPTION,CATEGORY_ATTRIBUTE_ID,ATTRIBUTE_TYPE_INFO_ID) VALUES (215,NULL,NULL,NULL);
INSERT INTO DYEXTN_PERMISSIBLE_VALUE (IDENTIFIER,DESCRIPTION,CATEGORY_ATTRIBUTE_ID,ATTRIBUTE_TYPE_INFO_ID) VALUES (216,NULL,NULL,NULL);
INSERT INTO DYEXTN_PERMISSIBLE_VALUE (IDENTIFIER,DESCRIPTION,CATEGORY_ATTRIBUTE_ID,ATTRIBUTE_TYPE_INFO_ID) VALUES (217,NULL,NULL,NULL);
INSERT INTO DYEXTN_PERMISSIBLE_VALUE (IDENTIFIER,DESCRIPTION,CATEGORY_ATTRIBUTE_ID,ATTRIBUTE_TYPE_INFO_ID) VALUES (218,NULL,NULL,NULL);
INSERT INTO DYEXTN_PERMISSIBLE_VALUE (IDENTIFIER,DESCRIPTION,CATEGORY_ATTRIBUTE_ID,ATTRIBUTE_TYPE_INFO_ID) VALUES (219,NULL,NULL,NULL);
INSERT INTO DYEXTN_PERMISSIBLE_VALUE (IDENTIFIER,DESCRIPTION,CATEGORY_ATTRIBUTE_ID,ATTRIBUTE_TYPE_INFO_ID) VALUES (220,NULL,NULL,NULL);
INSERT INTO DYEXTN_PERMISSIBLE_VALUE (IDENTIFIER,DESCRIPTION,CATEGORY_ATTRIBUTE_ID,ATTRIBUTE_TYPE_INFO_ID) VALUES (221,NULL,NULL,NULL);
INSERT INTO DYEXTN_PERMISSIBLE_VALUE (IDENTIFIER,DESCRIPTION,CATEGORY_ATTRIBUTE_ID,ATTRIBUTE_TYPE_INFO_ID) VALUES (222,NULL,NULL,NULL);
INSERT INTO DYEXTN_PERMISSIBLE_VALUE (IDENTIFIER,DESCRIPTION,CATEGORY_ATTRIBUTE_ID,ATTRIBUTE_TYPE_INFO_ID) VALUES (223,NULL,NULL,NULL);
INSERT INTO DYEXTN_PERMISSIBLE_VALUE (IDENTIFIER,DESCRIPTION,CATEGORY_ATTRIBUTE_ID,ATTRIBUTE_TYPE_INFO_ID) VALUES (224,NULL,NULL,NULL);
INSERT INTO DYEXTN_PERMISSIBLE_VALUE (IDENTIFIER,DESCRIPTION,CATEGORY_ATTRIBUTE_ID,ATTRIBUTE_TYPE_INFO_ID) VALUES (225,NULL,NULL,NULL);
INSERT INTO DYEXTN_PERMISSIBLE_VALUE (IDENTIFIER,DESCRIPTION,CATEGORY_ATTRIBUTE_ID,ATTRIBUTE_TYPE_INFO_ID) VALUES (226,NULL,NULL,NULL);
INSERT INTO DYEXTN_PERMISSIBLE_VALUE (IDENTIFIER,DESCRIPTION,CATEGORY_ATTRIBUTE_ID,ATTRIBUTE_TYPE_INFO_ID) VALUES (227,NULL,NULL,NULL);
INSERT INTO DYEXTN_PERMISSIBLE_VALUE (IDENTIFIER,DESCRIPTION,CATEGORY_ATTRIBUTE_ID,ATTRIBUTE_TYPE_INFO_ID) VALUES (228,NULL,NULL,NULL);
INSERT INTO DYEXTN_PERMISSIBLE_VALUE (IDENTIFIER,DESCRIPTION,CATEGORY_ATTRIBUTE_ID,ATTRIBUTE_TYPE_INFO_ID) VALUES (229,NULL,NULL,NULL);
INSERT INTO DYEXTN_PERMISSIBLE_VALUE (IDENTIFIER,DESCRIPTION,CATEGORY_ATTRIBUTE_ID,ATTRIBUTE_TYPE_INFO_ID) VALUES (230,NULL,NULL,NULL);
INSERT INTO DYEXTN_PERMISSIBLE_VALUE (IDENTIFIER,DESCRIPTION,CATEGORY_ATTRIBUTE_ID,ATTRIBUTE_TYPE_INFO_ID) VALUES (231,NULL,NULL,NULL);
INSERT INTO DYEXTN_PERMISSIBLE_VALUE (IDENTIFIER,DESCRIPTION,CATEGORY_ATTRIBUTE_ID,ATTRIBUTE_TYPE_INFO_ID) VALUES (232,NULL,NULL,NULL);
INSERT INTO DYEXTN_PERMISSIBLE_VALUE (IDENTIFIER,DESCRIPTION,CATEGORY_ATTRIBUTE_ID,ATTRIBUTE_TYPE_INFO_ID) VALUES (233,NULL,NULL,NULL);
INSERT INTO DYEXTN_PERMISSIBLE_VALUE (IDENTIFIER,DESCRIPTION,CATEGORY_ATTRIBUTE_ID,ATTRIBUTE_TYPE_INFO_ID) VALUES (234,NULL,NULL,NULL);
INSERT INTO DYEXTN_PERMISSIBLE_VALUE (IDENTIFIER,DESCRIPTION,CATEGORY_ATTRIBUTE_ID,ATTRIBUTE_TYPE_INFO_ID) VALUES (235,NULL,NULL,NULL);
INSERT INTO DYEXTN_PERMISSIBLE_VALUE (IDENTIFIER,DESCRIPTION,CATEGORY_ATTRIBUTE_ID,ATTRIBUTE_TYPE_INFO_ID) VALUES (236,NULL,NULL,NULL);
INSERT INTO DYEXTN_PERMISSIBLE_VALUE (IDENTIFIER,DESCRIPTION,CATEGORY_ATTRIBUTE_ID,ATTRIBUTE_TYPE_INFO_ID) VALUES (237,NULL,NULL,NULL);
INSERT INTO DYEXTN_PERMISSIBLE_VALUE (IDENTIFIER,DESCRIPTION,CATEGORY_ATTRIBUTE_ID,ATTRIBUTE_TYPE_INFO_ID) VALUES (238,NULL,NULL,NULL);
INSERT INTO DYEXTN_PERMISSIBLE_VALUE (IDENTIFIER,DESCRIPTION,CATEGORY_ATTRIBUTE_ID,ATTRIBUTE_TYPE_INFO_ID) VALUES (239,NULL,NULL,NULL);
INSERT INTO DYEXTN_PERMISSIBLE_VALUE (IDENTIFIER,DESCRIPTION,CATEGORY_ATTRIBUTE_ID,ATTRIBUTE_TYPE_INFO_ID) VALUES (240,NULL,NULL,NULL);
INSERT INTO DYEXTN_PERMISSIBLE_VALUE (IDENTIFIER,DESCRIPTION,CATEGORY_ATTRIBUTE_ID,ATTRIBUTE_TYPE_INFO_ID) VALUES (241,NULL,NULL,NULL);
INSERT INTO DYEXTN_PERMISSIBLE_VALUE (IDENTIFIER,DESCRIPTION,CATEGORY_ATTRIBUTE_ID,ATTRIBUTE_TYPE_INFO_ID) VALUES (242,NULL,NULL,NULL);
INSERT INTO DYEXTN_PERMISSIBLE_VALUE (IDENTIFIER,DESCRIPTION,CATEGORY_ATTRIBUTE_ID,ATTRIBUTE_TYPE_INFO_ID) VALUES (243,NULL,NULL,NULL);
INSERT INTO DYEXTN_PERMISSIBLE_VALUE (IDENTIFIER,DESCRIPTION,CATEGORY_ATTRIBUTE_ID,ATTRIBUTE_TYPE_INFO_ID) VALUES (244,NULL,NULL,NULL);
INSERT INTO DYEXTN_PERMISSIBLE_VALUE (IDENTIFIER,DESCRIPTION,CATEGORY_ATTRIBUTE_ID,ATTRIBUTE_TYPE_INFO_ID) VALUES (245,NULL,NULL,NULL);
INSERT INTO DYEXTN_PERMISSIBLE_VALUE (IDENTIFIER,DESCRIPTION,CATEGORY_ATTRIBUTE_ID,ATTRIBUTE_TYPE_INFO_ID) VALUES (246,NULL,NULL,NULL);
INSERT INTO DYEXTN_PERMISSIBLE_VALUE (IDENTIFIER,DESCRIPTION,CATEGORY_ATTRIBUTE_ID,ATTRIBUTE_TYPE_INFO_ID) VALUES (247,NULL,NULL,NULL);
INSERT INTO DYEXTN_PERMISSIBLE_VALUE (IDENTIFIER,DESCRIPTION,CATEGORY_ATTRIBUTE_ID,ATTRIBUTE_TYPE_INFO_ID) VALUES (248,NULL,NULL,4);
INSERT INTO DYEXTN_PERMISSIBLE_VALUE (IDENTIFIER,DESCRIPTION,CATEGORY_ATTRIBUTE_ID,ATTRIBUTE_TYPE_INFO_ID) VALUES (249,NULL,NULL,NULL);
INSERT INTO DYEXTN_PERMISSIBLE_VALUE (IDENTIFIER,DESCRIPTION,CATEGORY_ATTRIBUTE_ID,ATTRIBUTE_TYPE_INFO_ID) VALUES (250,NULL,NULL,NULL);
INSERT INTO DYEXTN_PERMISSIBLE_VALUE (IDENTIFIER,DESCRIPTION,CATEGORY_ATTRIBUTE_ID,ATTRIBUTE_TYPE_INFO_ID) VALUES (251,NULL,NULL,NULL);
INSERT INTO DYEXTN_PERMISSIBLE_VALUE (IDENTIFIER,DESCRIPTION,CATEGORY_ATTRIBUTE_ID,ATTRIBUTE_TYPE_INFO_ID) VALUES (252,NULL,NULL,NULL);
INSERT INTO DYEXTN_PERMISSIBLE_VALUE (IDENTIFIER,DESCRIPTION,CATEGORY_ATTRIBUTE_ID,ATTRIBUTE_TYPE_INFO_ID) VALUES (253,NULL,NULL,NULL);
INSERT INTO DYEXTN_PERMISSIBLE_VALUE (IDENTIFIER,DESCRIPTION,CATEGORY_ATTRIBUTE_ID,ATTRIBUTE_TYPE_INFO_ID) VALUES (254,NULL,NULL,NULL);
INSERT INTO DYEXTN_PERMISSIBLE_VALUE (IDENTIFIER,DESCRIPTION,CATEGORY_ATTRIBUTE_ID,ATTRIBUTE_TYPE_INFO_ID) VALUES (255,NULL,NULL,NULL);
INSERT INTO DYEXTN_PERMISSIBLE_VALUE (IDENTIFIER,DESCRIPTION,CATEGORY_ATTRIBUTE_ID,ATTRIBUTE_TYPE_INFO_ID) VALUES (256,NULL,NULL,NULL);
INSERT INTO DYEXTN_PERMISSIBLE_VALUE (IDENTIFIER,DESCRIPTION,CATEGORY_ATTRIBUTE_ID,ATTRIBUTE_TYPE_INFO_ID) VALUES (257,NULL,NULL,NULL);
INSERT INTO DYEXTN_PERMISSIBLE_VALUE (IDENTIFIER,DESCRIPTION,CATEGORY_ATTRIBUTE_ID,ATTRIBUTE_TYPE_INFO_ID) VALUES (258,NULL,NULL,NULL);
INSERT INTO DYEXTN_PERMISSIBLE_VALUE (IDENTIFIER,DESCRIPTION,CATEGORY_ATTRIBUTE_ID,ATTRIBUTE_TYPE_INFO_ID) VALUES (259,NULL,NULL,NULL);
INSERT INTO DYEXTN_PERMISSIBLE_VALUE (IDENTIFIER,DESCRIPTION,CATEGORY_ATTRIBUTE_ID,ATTRIBUTE_TYPE_INFO_ID) VALUES (260,NULL,NULL,NULL);
INSERT INTO DYEXTN_PERMISSIBLE_VALUE (IDENTIFIER,DESCRIPTION,CATEGORY_ATTRIBUTE_ID,ATTRIBUTE_TYPE_INFO_ID) VALUES (261,NULL,NULL,NULL);
INSERT INTO DYEXTN_PERMISSIBLE_VALUE (IDENTIFIER,DESCRIPTION,CATEGORY_ATTRIBUTE_ID,ATTRIBUTE_TYPE_INFO_ID) VALUES (262,NULL,NULL,NULL);
INSERT INTO DYEXTN_PERMISSIBLE_VALUE (IDENTIFIER,DESCRIPTION,CATEGORY_ATTRIBUTE_ID,ATTRIBUTE_TYPE_INFO_ID) VALUES (263,NULL,NULL,NULL);
INSERT INTO DYEXTN_PERMISSIBLE_VALUE (IDENTIFIER,DESCRIPTION,CATEGORY_ATTRIBUTE_ID,ATTRIBUTE_TYPE_INFO_ID) VALUES (264,NULL,NULL,NULL);
INSERT INTO DYEXTN_PERMISSIBLE_VALUE (IDENTIFIER,DESCRIPTION,CATEGORY_ATTRIBUTE_ID,ATTRIBUTE_TYPE_INFO_ID) VALUES (265,NULL,NULL,NULL);
INSERT INTO DYEXTN_PERMISSIBLE_VALUE (IDENTIFIER,DESCRIPTION,CATEGORY_ATTRIBUTE_ID,ATTRIBUTE_TYPE_INFO_ID) VALUES (266,NULL,NULL,NULL);
INSERT INTO DYEXTN_PERMISSIBLE_VALUE (IDENTIFIER,DESCRIPTION,CATEGORY_ATTRIBUTE_ID,ATTRIBUTE_TYPE_INFO_ID) VALUES (267,NULL,NULL,NULL);
INSERT INTO DYEXTN_PERMISSIBLE_VALUE (IDENTIFIER,DESCRIPTION,CATEGORY_ATTRIBUTE_ID,ATTRIBUTE_TYPE_INFO_ID) VALUES (268,NULL,NULL,NULL);
INSERT INTO DYEXTN_PERMISSIBLE_VALUE (IDENTIFIER,DESCRIPTION,CATEGORY_ATTRIBUTE_ID,ATTRIBUTE_TYPE_INFO_ID) VALUES (269,NULL,NULL,NULL);
INSERT INTO DYEXTN_PERMISSIBLE_VALUE (IDENTIFIER,DESCRIPTION,CATEGORY_ATTRIBUTE_ID,ATTRIBUTE_TYPE_INFO_ID) VALUES (270,NULL,NULL,NULL);
INSERT INTO DYEXTN_PERMISSIBLE_VALUE (IDENTIFIER,DESCRIPTION,CATEGORY_ATTRIBUTE_ID,ATTRIBUTE_TYPE_INFO_ID) VALUES (271,NULL,NULL,NULL);
INSERT INTO DYEXTN_PERMISSIBLE_VALUE (IDENTIFIER,DESCRIPTION,CATEGORY_ATTRIBUTE_ID,ATTRIBUTE_TYPE_INFO_ID) VALUES (272,NULL,NULL,NULL);
INSERT INTO DYEXTN_PERMISSIBLE_VALUE (IDENTIFIER,DESCRIPTION,CATEGORY_ATTRIBUTE_ID,ATTRIBUTE_TYPE_INFO_ID) VALUES (273,NULL,NULL,NULL);
INSERT INTO DYEXTN_PERMISSIBLE_VALUE (IDENTIFIER,DESCRIPTION,CATEGORY_ATTRIBUTE_ID,ATTRIBUTE_TYPE_INFO_ID) VALUES (274,NULL,NULL,NULL);
INSERT INTO DYEXTN_PERMISSIBLE_VALUE (IDENTIFIER,DESCRIPTION,CATEGORY_ATTRIBUTE_ID,ATTRIBUTE_TYPE_INFO_ID) VALUES (275,NULL,NULL,NULL);
INSERT INTO DYEXTN_PERMISSIBLE_VALUE (IDENTIFIER,DESCRIPTION,CATEGORY_ATTRIBUTE_ID,ATTRIBUTE_TYPE_INFO_ID) VALUES (276,NULL,NULL,NULL);
INSERT INTO DYEXTN_PERMISSIBLE_VALUE (IDENTIFIER,DESCRIPTION,CATEGORY_ATTRIBUTE_ID,ATTRIBUTE_TYPE_INFO_ID) VALUES (277,NULL,NULL,NULL);
INSERT INTO DYEXTN_PERMISSIBLE_VALUE (IDENTIFIER,DESCRIPTION,CATEGORY_ATTRIBUTE_ID,ATTRIBUTE_TYPE_INFO_ID) VALUES (278,NULL,NULL,NULL);
INSERT INTO DYEXTN_PERMISSIBLE_VALUE (IDENTIFIER,DESCRIPTION,CATEGORY_ATTRIBUTE_ID,ATTRIBUTE_TYPE_INFO_ID) VALUES (279,NULL,NULL,NULL);
INSERT INTO DYEXTN_PERMISSIBLE_VALUE (IDENTIFIER,DESCRIPTION,CATEGORY_ATTRIBUTE_ID,ATTRIBUTE_TYPE_INFO_ID) VALUES (280,NULL,NULL,NULL);
INSERT INTO DYEXTN_PERMISSIBLE_VALUE (IDENTIFIER,DESCRIPTION,CATEGORY_ATTRIBUTE_ID,ATTRIBUTE_TYPE_INFO_ID) VALUES (281,NULL,NULL,NULL);
INSERT INTO DYEXTN_PERMISSIBLE_VALUE (IDENTIFIER,DESCRIPTION,CATEGORY_ATTRIBUTE_ID,ATTRIBUTE_TYPE_INFO_ID) VALUES (282,NULL,NULL,NULL);
INSERT INTO DYEXTN_PERMISSIBLE_VALUE (IDENTIFIER,DESCRIPTION,CATEGORY_ATTRIBUTE_ID,ATTRIBUTE_TYPE_INFO_ID) VALUES (283,NULL,NULL,NULL);
INSERT INTO DYEXTN_PERMISSIBLE_VALUE (IDENTIFIER,DESCRIPTION,CATEGORY_ATTRIBUTE_ID,ATTRIBUTE_TYPE_INFO_ID) VALUES (284,NULL,NULL,NULL);
INSERT INTO DYEXTN_PERMISSIBLE_VALUE (IDENTIFIER,DESCRIPTION,CATEGORY_ATTRIBUTE_ID,ATTRIBUTE_TYPE_INFO_ID) VALUES (285,NULL,NULL,NULL);
INSERT INTO DYEXTN_PERMISSIBLE_VALUE (IDENTIFIER,DESCRIPTION,CATEGORY_ATTRIBUTE_ID,ATTRIBUTE_TYPE_INFO_ID) VALUES (286,NULL,NULL,NULL);
INSERT INTO DYEXTN_PERMISSIBLE_VALUE (IDENTIFIER,DESCRIPTION,CATEGORY_ATTRIBUTE_ID,ATTRIBUTE_TYPE_INFO_ID) VALUES (287,NULL,NULL,NULL);
INSERT INTO DYEXTN_PERMISSIBLE_VALUE (IDENTIFIER,DESCRIPTION,CATEGORY_ATTRIBUTE_ID,ATTRIBUTE_TYPE_INFO_ID) VALUES (288,NULL,NULL,56);
INSERT INTO DYEXTN_PERMISSIBLE_VALUE (IDENTIFIER,DESCRIPTION,CATEGORY_ATTRIBUTE_ID,ATTRIBUTE_TYPE_INFO_ID) VALUES (289,NULL,NULL,NULL);
INSERT INTO DYEXTN_PERMISSIBLE_VALUE (IDENTIFIER,DESCRIPTION,CATEGORY_ATTRIBUTE_ID,ATTRIBUTE_TYPE_INFO_ID) VALUES (290,NULL,NULL,NULL);
INSERT INTO DYEXTN_PERMISSIBLE_VALUE (IDENTIFIER,DESCRIPTION,CATEGORY_ATTRIBUTE_ID,ATTRIBUTE_TYPE_INFO_ID) VALUES (291,NULL,NULL,NULL);
INSERT INTO DYEXTN_PERMISSIBLE_VALUE (IDENTIFIER,DESCRIPTION,CATEGORY_ATTRIBUTE_ID,ATTRIBUTE_TYPE_INFO_ID) VALUES (292,NULL,NULL,58);
INSERT INTO DYEXTN_PERMISSIBLE_VALUE (IDENTIFIER,DESCRIPTION,CATEGORY_ATTRIBUTE_ID,ATTRIBUTE_TYPE_INFO_ID) VALUES (293,NULL,NULL,NULL);
INSERT INTO DYEXTN_PERMISSIBLE_VALUE (IDENTIFIER,DESCRIPTION,CATEGORY_ATTRIBUTE_ID,ATTRIBUTE_TYPE_INFO_ID) VALUES (294,NULL,NULL,NULL);
INSERT INTO DYEXTN_PERMISSIBLE_VALUE (IDENTIFIER,DESCRIPTION,CATEGORY_ATTRIBUTE_ID,ATTRIBUTE_TYPE_INFO_ID) VALUES (295,NULL,NULL,NULL);
INSERT INTO DYEXTN_PERMISSIBLE_VALUE (IDENTIFIER,DESCRIPTION,CATEGORY_ATTRIBUTE_ID,ATTRIBUTE_TYPE_INFO_ID) VALUES (296,NULL,NULL,NULL);
INSERT INTO DYEXTN_PERMISSIBLE_VALUE (IDENTIFIER,DESCRIPTION,CATEGORY_ATTRIBUTE_ID,ATTRIBUTE_TYPE_INFO_ID) VALUES (297,NULL,NULL,NULL);
INSERT INTO DYEXTN_PERMISSIBLE_VALUE (IDENTIFIER,DESCRIPTION,CATEGORY_ATTRIBUTE_ID,ATTRIBUTE_TYPE_INFO_ID) VALUES (298,NULL,NULL,NULL);
INSERT INTO DYEXTN_PERMISSIBLE_VALUE (IDENTIFIER,DESCRIPTION,CATEGORY_ATTRIBUTE_ID,ATTRIBUTE_TYPE_INFO_ID) VALUES (299,NULL,NULL,NULL);
INSERT INTO DYEXTN_PERMISSIBLE_VALUE (IDENTIFIER,DESCRIPTION,CATEGORY_ATTRIBUTE_ID,ATTRIBUTE_TYPE_INFO_ID) VALUES (300,NULL,NULL,NULL);
INSERT INTO DYEXTN_PERMISSIBLE_VALUE (IDENTIFIER,DESCRIPTION,CATEGORY_ATTRIBUTE_ID,ATTRIBUTE_TYPE_INFO_ID) VALUES (301,NULL,NULL,62);
INSERT INTO DYEXTN_PERMISSIBLE_VALUE (IDENTIFIER,DESCRIPTION,CATEGORY_ATTRIBUTE_ID,ATTRIBUTE_TYPE_INFO_ID) VALUES (302,NULL,NULL,NULL);
INSERT INTO DYEXTN_PERMISSIBLE_VALUE (IDENTIFIER,DESCRIPTION,CATEGORY_ATTRIBUTE_ID,ATTRIBUTE_TYPE_INFO_ID) VALUES (303,NULL,NULL,NULL);
INSERT INTO DYEXTN_PERMISSIBLE_VALUE (IDENTIFIER,DESCRIPTION,CATEGORY_ATTRIBUTE_ID,ATTRIBUTE_TYPE_INFO_ID) VALUES (304,NULL,NULL,NULL);
INSERT INTO DYEXTN_PERMISSIBLE_VALUE (IDENTIFIER,DESCRIPTION,CATEGORY_ATTRIBUTE_ID,ATTRIBUTE_TYPE_INFO_ID) VALUES (305,NULL,NULL,64);

INSERT INTO DYEXTN_TAGGED_VALUE (T_KEY,T_VALUE,ABSTRACT_METADATA_ID) VALUES ('PRIVILEGE_ID','1',61);
INSERT INTO DYEXTN_TAGGED_VALUE (T_KEY,T_VALUE,ABSTRACT_METADATA_ID) VALUES ('PRIVILEGE_ID','1',48);
INSERT INTO DYEXTN_TAGGED_VALUE (T_KEY,T_VALUE,ABSTRACT_METADATA_ID) VALUES ('PRIVILEGE_ID','1',57);
INSERT INTO DYEXTN_TAGGED_VALUE (T_KEY,T_VALUE,ABSTRACT_METADATA_ID) VALUES ('PRIVILEGE_ID','2',109);
INSERT INTO DYEXTN_TAGGED_VALUE (T_KEY,T_VALUE,ABSTRACT_METADATA_ID) VALUES ('PRIVILEGE_ID','2',35);
INSERT INTO DYEXTN_TAGGED_VALUE (T_KEY,T_VALUE,ABSTRACT_METADATA_ID) VALUES ('PRIVILEGE_ID','2',2);
INSERT INTO DYEXTN_TAGGED_VALUE (T_KEY,T_VALUE,ABSTRACT_METADATA_ID) VALUES ('PRIVILEGE_ID','2',33);
INSERT INTO DYEXTN_TAGGED_VALUE (T_KEY,T_VALUE,ABSTRACT_METADATA_ID) VALUES ('PRIVILEGE_ID','2',32);
INSERT INTO DYEXTN_TAGGED_VALUE (T_KEY,T_VALUE,ABSTRACT_METADATA_ID) VALUES ('PRIVILEGE_ID','2',91);
INSERT INTO DYEXTN_TAGGED_VALUE (T_KEY,T_VALUE,ABSTRACT_METADATA_ID) VALUES ('PRIVILEGE_ID','2',106);
INSERT INTO DYEXTN_TAGGED_VALUE (T_KEY,T_VALUE,ABSTRACT_METADATA_ID) VALUES ('PRIVILEGE_ID','2',13);
INSERT INTO DYEXTN_TAGGED_VALUE (T_KEY,T_VALUE,ABSTRACT_METADATA_ID) VALUES ('PRIVILEGE_ID','2',15);

INSERT INTO DYEXTN_USERDEF_DE_VALUE_REL (USER_DEF_DE_ID,PERMISSIBLE_VALUE_ID) VALUES (1,1);
INSERT INTO DYEXTN_USERDEF_DE_VALUE_REL (USER_DEF_DE_ID,PERMISSIBLE_VALUE_ID) VALUES (1,2);
INSERT INTO DYEXTN_USERDEF_DE_VALUE_REL (USER_DEF_DE_ID,PERMISSIBLE_VALUE_ID) VALUES (1,3);
INSERT INTO DYEXTN_USERDEF_DE_VALUE_REL (USER_DEF_DE_ID,PERMISSIBLE_VALUE_ID) VALUES (1,4);
INSERT INTO DYEXTN_USERDEF_DE_VALUE_REL (USER_DEF_DE_ID,PERMISSIBLE_VALUE_ID) VALUES (2,5);
INSERT INTO DYEXTN_USERDEF_DE_VALUE_REL (USER_DEF_DE_ID,PERMISSIBLE_VALUE_ID) VALUES (2,6);
INSERT INTO DYEXTN_USERDEF_DE_VALUE_REL (USER_DEF_DE_ID,PERMISSIBLE_VALUE_ID) VALUES (2,7);
INSERT INTO DYEXTN_USERDEF_DE_VALUE_REL (USER_DEF_DE_ID,PERMISSIBLE_VALUE_ID) VALUES (2,8);
INSERT INTO DYEXTN_USERDEF_DE_VALUE_REL (USER_DEF_DE_ID,PERMISSIBLE_VALUE_ID) VALUES (2,9);
INSERT INTO DYEXTN_USERDEF_DE_VALUE_REL (USER_DEF_DE_ID,PERMISSIBLE_VALUE_ID) VALUES (2,10);
INSERT INTO DYEXTN_USERDEF_DE_VALUE_REL (USER_DEF_DE_ID,PERMISSIBLE_VALUE_ID) VALUES (2,11);
INSERT INTO DYEXTN_USERDEF_DE_VALUE_REL (USER_DEF_DE_ID,PERMISSIBLE_VALUE_ID) VALUES (2,12);
INSERT INTO DYEXTN_USERDEF_DE_VALUE_REL (USER_DEF_DE_ID,PERMISSIBLE_VALUE_ID) VALUES (2,13);
INSERT INTO DYEXTN_USERDEF_DE_VALUE_REL (USER_DEF_DE_ID,PERMISSIBLE_VALUE_ID) VALUES (2,14);
INSERT INTO DYEXTN_USERDEF_DE_VALUE_REL (USER_DEF_DE_ID,PERMISSIBLE_VALUE_ID) VALUES (2,15);
INSERT INTO DYEXTN_USERDEF_DE_VALUE_REL (USER_DEF_DE_ID,PERMISSIBLE_VALUE_ID) VALUES (2,16);
INSERT INTO DYEXTN_USERDEF_DE_VALUE_REL (USER_DEF_DE_ID,PERMISSIBLE_VALUE_ID) VALUES (2,17);
INSERT INTO DYEXTN_USERDEF_DE_VALUE_REL (USER_DEF_DE_ID,PERMISSIBLE_VALUE_ID) VALUES (2,18);
INSERT INTO DYEXTN_USERDEF_DE_VALUE_REL (USER_DEF_DE_ID,PERMISSIBLE_VALUE_ID) VALUES (2,19);
INSERT INTO DYEXTN_USERDEF_DE_VALUE_REL (USER_DEF_DE_ID,PERMISSIBLE_VALUE_ID) VALUES (2,20);
INSERT INTO DYEXTN_USERDEF_DE_VALUE_REL (USER_DEF_DE_ID,PERMISSIBLE_VALUE_ID) VALUES (2,21);
INSERT INTO DYEXTN_USERDEF_DE_VALUE_REL (USER_DEF_DE_ID,PERMISSIBLE_VALUE_ID) VALUES (2,22);
INSERT INTO DYEXTN_USERDEF_DE_VALUE_REL (USER_DEF_DE_ID,PERMISSIBLE_VALUE_ID) VALUES (2,23);
INSERT INTO DYEXTN_USERDEF_DE_VALUE_REL (USER_DEF_DE_ID,PERMISSIBLE_VALUE_ID) VALUES (2,24);
INSERT INTO DYEXTN_USERDEF_DE_VALUE_REL (USER_DEF_DE_ID,PERMISSIBLE_VALUE_ID) VALUES (2,25);
INSERT INTO DYEXTN_USERDEF_DE_VALUE_REL (USER_DEF_DE_ID,PERMISSIBLE_VALUE_ID) VALUES (2,26);
INSERT INTO DYEXTN_USERDEF_DE_VALUE_REL (USER_DEF_DE_ID,PERMISSIBLE_VALUE_ID) VALUES (2,27);
INSERT INTO DYEXTN_USERDEF_DE_VALUE_REL (USER_DEF_DE_ID,PERMISSIBLE_VALUE_ID) VALUES (2,28);
INSERT INTO DYEXTN_USERDEF_DE_VALUE_REL (USER_DEF_DE_ID,PERMISSIBLE_VALUE_ID) VALUES (2,29);
INSERT INTO DYEXTN_USERDEF_DE_VALUE_REL (USER_DEF_DE_ID,PERMISSIBLE_VALUE_ID) VALUES (2,30);
INSERT INTO DYEXTN_USERDEF_DE_VALUE_REL (USER_DEF_DE_ID,PERMISSIBLE_VALUE_ID) VALUES (2,31);
INSERT INTO DYEXTN_USERDEF_DE_VALUE_REL (USER_DEF_DE_ID,PERMISSIBLE_VALUE_ID) VALUES (2,32);
INSERT INTO DYEXTN_USERDEF_DE_VALUE_REL (USER_DEF_DE_ID,PERMISSIBLE_VALUE_ID) VALUES (2,33);
INSERT INTO DYEXTN_USERDEF_DE_VALUE_REL (USER_DEF_DE_ID,PERMISSIBLE_VALUE_ID) VALUES (2,34);
INSERT INTO DYEXTN_USERDEF_DE_VALUE_REL (USER_DEF_DE_ID,PERMISSIBLE_VALUE_ID) VALUES (2,35);
INSERT INTO DYEXTN_USERDEF_DE_VALUE_REL (USER_DEF_DE_ID,PERMISSIBLE_VALUE_ID) VALUES (2,36);
INSERT INTO DYEXTN_USERDEF_DE_VALUE_REL (USER_DEF_DE_ID,PERMISSIBLE_VALUE_ID) VALUES (2,37);
INSERT INTO DYEXTN_USERDEF_DE_VALUE_REL (USER_DEF_DE_ID,PERMISSIBLE_VALUE_ID) VALUES (2,38);
INSERT INTO DYEXTN_USERDEF_DE_VALUE_REL (USER_DEF_DE_ID,PERMISSIBLE_VALUE_ID) VALUES (2,39);
INSERT INTO DYEXTN_USERDEF_DE_VALUE_REL (USER_DEF_DE_ID,PERMISSIBLE_VALUE_ID) VALUES (2,40);
INSERT INTO DYEXTN_USERDEF_DE_VALUE_REL (USER_DEF_DE_ID,PERMISSIBLE_VALUE_ID) VALUES (2,41);
INSERT INTO DYEXTN_USERDEF_DE_VALUE_REL (USER_DEF_DE_ID,PERMISSIBLE_VALUE_ID) VALUES (2,42);
INSERT INTO DYEXTN_USERDEF_DE_VALUE_REL (USER_DEF_DE_ID,PERMISSIBLE_VALUE_ID) VALUES (2,43);
INSERT INTO DYEXTN_USERDEF_DE_VALUE_REL (USER_DEF_DE_ID,PERMISSIBLE_VALUE_ID) VALUES (2,44);
INSERT INTO DYEXTN_USERDEF_DE_VALUE_REL (USER_DEF_DE_ID,PERMISSIBLE_VALUE_ID) VALUES (2,45);
INSERT INTO DYEXTN_USERDEF_DE_VALUE_REL (USER_DEF_DE_ID,PERMISSIBLE_VALUE_ID) VALUES (2,46);
INSERT INTO DYEXTN_USERDEF_DE_VALUE_REL (USER_DEF_DE_ID,PERMISSIBLE_VALUE_ID) VALUES (2,47);
INSERT INTO DYEXTN_USERDEF_DE_VALUE_REL (USER_DEF_DE_ID,PERMISSIBLE_VALUE_ID) VALUES (2,48);
INSERT INTO DYEXTN_USERDEF_DE_VALUE_REL (USER_DEF_DE_ID,PERMISSIBLE_VALUE_ID) VALUES (2,49);
INSERT INTO DYEXTN_USERDEF_DE_VALUE_REL (USER_DEF_DE_ID,PERMISSIBLE_VALUE_ID) VALUES (2,50);
INSERT INTO DYEXTN_USERDEF_DE_VALUE_REL (USER_DEF_DE_ID,PERMISSIBLE_VALUE_ID) VALUES (2,51);
INSERT INTO DYEXTN_USERDEF_DE_VALUE_REL (USER_DEF_DE_ID,PERMISSIBLE_VALUE_ID) VALUES (2,52);
INSERT INTO DYEXTN_USERDEF_DE_VALUE_REL (USER_DEF_DE_ID,PERMISSIBLE_VALUE_ID) VALUES (2,53);
INSERT INTO DYEXTN_USERDEF_DE_VALUE_REL (USER_DEF_DE_ID,PERMISSIBLE_VALUE_ID) VALUES (2,54);
INSERT INTO DYEXTN_USERDEF_DE_VALUE_REL (USER_DEF_DE_ID,PERMISSIBLE_VALUE_ID) VALUES (2,55);
INSERT INTO DYEXTN_USERDEF_DE_VALUE_REL (USER_DEF_DE_ID,PERMISSIBLE_VALUE_ID) VALUES (2,56);
INSERT INTO DYEXTN_USERDEF_DE_VALUE_REL (USER_DEF_DE_ID,PERMISSIBLE_VALUE_ID) VALUES (2,57);
INSERT INTO DYEXTN_USERDEF_DE_VALUE_REL (USER_DEF_DE_ID,PERMISSIBLE_VALUE_ID) VALUES (2,58);
INSERT INTO DYEXTN_USERDEF_DE_VALUE_REL (USER_DEF_DE_ID,PERMISSIBLE_VALUE_ID) VALUES (2,59);
INSERT INTO DYEXTN_USERDEF_DE_VALUE_REL (USER_DEF_DE_ID,PERMISSIBLE_VALUE_ID) VALUES (2,60);
INSERT INTO DYEXTN_USERDEF_DE_VALUE_REL (USER_DEF_DE_ID,PERMISSIBLE_VALUE_ID) VALUES (2,61);
INSERT INTO DYEXTN_USERDEF_DE_VALUE_REL (USER_DEF_DE_ID,PERMISSIBLE_VALUE_ID) VALUES (2,62);
INSERT INTO DYEXTN_USERDEF_DE_VALUE_REL (USER_DEF_DE_ID,PERMISSIBLE_VALUE_ID) VALUES (2,63);
INSERT INTO DYEXTN_USERDEF_DE_VALUE_REL (USER_DEF_DE_ID,PERMISSIBLE_VALUE_ID) VALUES (2,64);
INSERT INTO DYEXTN_USERDEF_DE_VALUE_REL (USER_DEF_DE_ID,PERMISSIBLE_VALUE_ID) VALUES (2,65);
INSERT INTO DYEXTN_USERDEF_DE_VALUE_REL (USER_DEF_DE_ID,PERMISSIBLE_VALUE_ID) VALUES (2,66);
INSERT INTO DYEXTN_USERDEF_DE_VALUE_REL (USER_DEF_DE_ID,PERMISSIBLE_VALUE_ID) VALUES (2,67);
INSERT INTO DYEXTN_USERDEF_DE_VALUE_REL (USER_DEF_DE_ID,PERMISSIBLE_VALUE_ID) VALUES (2,68);
INSERT INTO DYEXTN_USERDEF_DE_VALUE_REL (USER_DEF_DE_ID,PERMISSIBLE_VALUE_ID) VALUES (2,69);
INSERT INTO DYEXTN_USERDEF_DE_VALUE_REL (USER_DEF_DE_ID,PERMISSIBLE_VALUE_ID) VALUES (2,70);
INSERT INTO DYEXTN_USERDEF_DE_VALUE_REL (USER_DEF_DE_ID,PERMISSIBLE_VALUE_ID) VALUES (2,71);
INSERT INTO DYEXTN_USERDEF_DE_VALUE_REL (USER_DEF_DE_ID,PERMISSIBLE_VALUE_ID) VALUES (2,72);
INSERT INTO DYEXTN_USERDEF_DE_VALUE_REL (USER_DEF_DE_ID,PERMISSIBLE_VALUE_ID) VALUES (2,73);
INSERT INTO DYEXTN_USERDEF_DE_VALUE_REL (USER_DEF_DE_ID,PERMISSIBLE_VALUE_ID) VALUES (2,74);
INSERT INTO DYEXTN_USERDEF_DE_VALUE_REL (USER_DEF_DE_ID,PERMISSIBLE_VALUE_ID) VALUES (2,75);
INSERT INTO DYEXTN_USERDEF_DE_VALUE_REL (USER_DEF_DE_ID,PERMISSIBLE_VALUE_ID) VALUES (2,76);
INSERT INTO DYEXTN_USERDEF_DE_VALUE_REL (USER_DEF_DE_ID,PERMISSIBLE_VALUE_ID) VALUES (2,77);
INSERT INTO DYEXTN_USERDEF_DE_VALUE_REL (USER_DEF_DE_ID,PERMISSIBLE_VALUE_ID) VALUES (2,78);
INSERT INTO DYEXTN_USERDEF_DE_VALUE_REL (USER_DEF_DE_ID,PERMISSIBLE_VALUE_ID) VALUES (2,79);
INSERT INTO DYEXTN_USERDEF_DE_VALUE_REL (USER_DEF_DE_ID,PERMISSIBLE_VALUE_ID) VALUES (2,80);
INSERT INTO DYEXTN_USERDEF_DE_VALUE_REL (USER_DEF_DE_ID,PERMISSIBLE_VALUE_ID) VALUES (2,81);
INSERT INTO DYEXTN_USERDEF_DE_VALUE_REL (USER_DEF_DE_ID,PERMISSIBLE_VALUE_ID) VALUES (2,82);
INSERT INTO DYEXTN_USERDEF_DE_VALUE_REL (USER_DEF_DE_ID,PERMISSIBLE_VALUE_ID) VALUES (2,83);
INSERT INTO DYEXTN_USERDEF_DE_VALUE_REL (USER_DEF_DE_ID,PERMISSIBLE_VALUE_ID) VALUES (2,84);
INSERT INTO DYEXTN_USERDEF_DE_VALUE_REL (USER_DEF_DE_ID,PERMISSIBLE_VALUE_ID) VALUES (2,85);
INSERT INTO DYEXTN_USERDEF_DE_VALUE_REL (USER_DEF_DE_ID,PERMISSIBLE_VALUE_ID) VALUES (2,86);
INSERT INTO DYEXTN_USERDEF_DE_VALUE_REL (USER_DEF_DE_ID,PERMISSIBLE_VALUE_ID) VALUES (2,87);
INSERT INTO DYEXTN_USERDEF_DE_VALUE_REL (USER_DEF_DE_ID,PERMISSIBLE_VALUE_ID) VALUES (2,88);
INSERT INTO DYEXTN_USERDEF_DE_VALUE_REL (USER_DEF_DE_ID,PERMISSIBLE_VALUE_ID) VALUES (2,89);
INSERT INTO DYEXTN_USERDEF_DE_VALUE_REL (USER_DEF_DE_ID,PERMISSIBLE_VALUE_ID) VALUES (2,90);
INSERT INTO DYEXTN_USERDEF_DE_VALUE_REL (USER_DEF_DE_ID,PERMISSIBLE_VALUE_ID) VALUES (2,91);
INSERT INTO DYEXTN_USERDEF_DE_VALUE_REL (USER_DEF_DE_ID,PERMISSIBLE_VALUE_ID) VALUES (2,92);
INSERT INTO DYEXTN_USERDEF_DE_VALUE_REL (USER_DEF_DE_ID,PERMISSIBLE_VALUE_ID) VALUES (2,93);
INSERT INTO DYEXTN_USERDEF_DE_VALUE_REL (USER_DEF_DE_ID,PERMISSIBLE_VALUE_ID) VALUES (2,94);
INSERT INTO DYEXTN_USERDEF_DE_VALUE_REL (USER_DEF_DE_ID,PERMISSIBLE_VALUE_ID) VALUES (2,95);
INSERT INTO DYEXTN_USERDEF_DE_VALUE_REL (USER_DEF_DE_ID,PERMISSIBLE_VALUE_ID) VALUES (2,96);
INSERT INTO DYEXTN_USERDEF_DE_VALUE_REL (USER_DEF_DE_ID,PERMISSIBLE_VALUE_ID) VALUES (2,97);
INSERT INTO DYEXTN_USERDEF_DE_VALUE_REL (USER_DEF_DE_ID,PERMISSIBLE_VALUE_ID) VALUES (2,98);
INSERT INTO DYEXTN_USERDEF_DE_VALUE_REL (USER_DEF_DE_ID,PERMISSIBLE_VALUE_ID) VALUES (2,99);
INSERT INTO DYEXTN_USERDEF_DE_VALUE_REL (USER_DEF_DE_ID,PERMISSIBLE_VALUE_ID) VALUES (2,100);
INSERT INTO DYEXTN_USERDEF_DE_VALUE_REL (USER_DEF_DE_ID,PERMISSIBLE_VALUE_ID) VALUES (2,101);
INSERT INTO DYEXTN_USERDEF_DE_VALUE_REL (USER_DEF_DE_ID,PERMISSIBLE_VALUE_ID) VALUES (2,102);
INSERT INTO DYEXTN_USERDEF_DE_VALUE_REL (USER_DEF_DE_ID,PERMISSIBLE_VALUE_ID) VALUES (2,103);
INSERT INTO DYEXTN_USERDEF_DE_VALUE_REL (USER_DEF_DE_ID,PERMISSIBLE_VALUE_ID) VALUES (2,104);
INSERT INTO DYEXTN_USERDEF_DE_VALUE_REL (USER_DEF_DE_ID,PERMISSIBLE_VALUE_ID) VALUES (2,105);
INSERT INTO DYEXTN_USERDEF_DE_VALUE_REL (USER_DEF_DE_ID,PERMISSIBLE_VALUE_ID) VALUES (2,106);
INSERT INTO DYEXTN_USERDEF_DE_VALUE_REL (USER_DEF_DE_ID,PERMISSIBLE_VALUE_ID) VALUES (2,107);
INSERT INTO DYEXTN_USERDEF_DE_VALUE_REL (USER_DEF_DE_ID,PERMISSIBLE_VALUE_ID) VALUES (2,108);
INSERT INTO DYEXTN_USERDEF_DE_VALUE_REL (USER_DEF_DE_ID,PERMISSIBLE_VALUE_ID) VALUES (2,109);
INSERT INTO DYEXTN_USERDEF_DE_VALUE_REL (USER_DEF_DE_ID,PERMISSIBLE_VALUE_ID) VALUES (2,110);
INSERT INTO DYEXTN_USERDEF_DE_VALUE_REL (USER_DEF_DE_ID,PERMISSIBLE_VALUE_ID) VALUES (2,111);
INSERT INTO DYEXTN_USERDEF_DE_VALUE_REL (USER_DEF_DE_ID,PERMISSIBLE_VALUE_ID) VALUES (2,112);
INSERT INTO DYEXTN_USERDEF_DE_VALUE_REL (USER_DEF_DE_ID,PERMISSIBLE_VALUE_ID) VALUES (2,113);
INSERT INTO DYEXTN_USERDEF_DE_VALUE_REL (USER_DEF_DE_ID,PERMISSIBLE_VALUE_ID) VALUES (2,114);
INSERT INTO DYEXTN_USERDEF_DE_VALUE_REL (USER_DEF_DE_ID,PERMISSIBLE_VALUE_ID) VALUES (2,115);
INSERT INTO DYEXTN_USERDEF_DE_VALUE_REL (USER_DEF_DE_ID,PERMISSIBLE_VALUE_ID) VALUES (2,116);
INSERT INTO DYEXTN_USERDEF_DE_VALUE_REL (USER_DEF_DE_ID,PERMISSIBLE_VALUE_ID) VALUES (2,117);
INSERT INTO DYEXTN_USERDEF_DE_VALUE_REL (USER_DEF_DE_ID,PERMISSIBLE_VALUE_ID) VALUES (2,118);
INSERT INTO DYEXTN_USERDEF_DE_VALUE_REL (USER_DEF_DE_ID,PERMISSIBLE_VALUE_ID) VALUES (2,119);
INSERT INTO DYEXTN_USERDEF_DE_VALUE_REL (USER_DEF_DE_ID,PERMISSIBLE_VALUE_ID) VALUES (2,120);
INSERT INTO DYEXTN_USERDEF_DE_VALUE_REL (USER_DEF_DE_ID,PERMISSIBLE_VALUE_ID) VALUES (2,121);

INSERT INTO DYEXTN_USERDEF_DE_VALUE_REL (USER_DEF_DE_ID,PERMISSIBLE_VALUE_ID) VALUES (2,123);
INSERT INTO DYEXTN_USERDEF_DE_VALUE_REL (USER_DEF_DE_ID,PERMISSIBLE_VALUE_ID) VALUES (2,124);
INSERT INTO DYEXTN_USERDEF_DE_VALUE_REL (USER_DEF_DE_ID,PERMISSIBLE_VALUE_ID) VALUES (2,125);
INSERT INTO DYEXTN_USERDEF_DE_VALUE_REL (USER_DEF_DE_ID,PERMISSIBLE_VALUE_ID) VALUES (2,126);
INSERT INTO DYEXTN_USERDEF_DE_VALUE_REL (USER_DEF_DE_ID,PERMISSIBLE_VALUE_ID) VALUES (2,127);
INSERT INTO DYEXTN_USERDEF_DE_VALUE_REL (USER_DEF_DE_ID,PERMISSIBLE_VALUE_ID) VALUES (2,128);
INSERT INTO DYEXTN_USERDEF_DE_VALUE_REL (USER_DEF_DE_ID,PERMISSIBLE_VALUE_ID) VALUES (2,129);
INSERT INTO DYEXTN_USERDEF_DE_VALUE_REL (USER_DEF_DE_ID,PERMISSIBLE_VALUE_ID) VALUES (2,130);
INSERT INTO DYEXTN_USERDEF_DE_VALUE_REL (USER_DEF_DE_ID,PERMISSIBLE_VALUE_ID) VALUES (2,131);
INSERT INTO DYEXTN_USERDEF_DE_VALUE_REL (USER_DEF_DE_ID,PERMISSIBLE_VALUE_ID) VALUES (2,132);
INSERT INTO DYEXTN_USERDEF_DE_VALUE_REL (USER_DEF_DE_ID,PERMISSIBLE_VALUE_ID) VALUES (2,133);
INSERT INTO DYEXTN_USERDEF_DE_VALUE_REL (USER_DEF_DE_ID,PERMISSIBLE_VALUE_ID) VALUES (2,134);
INSERT INTO DYEXTN_USERDEF_DE_VALUE_REL (USER_DEF_DE_ID,PERMISSIBLE_VALUE_ID) VALUES (2,135);
INSERT INTO DYEXTN_USERDEF_DE_VALUE_REL (USER_DEF_DE_ID,PERMISSIBLE_VALUE_ID) VALUES (2,136);
INSERT INTO DYEXTN_USERDEF_DE_VALUE_REL (USER_DEF_DE_ID,PERMISSIBLE_VALUE_ID) VALUES (2,137);
INSERT INTO DYEXTN_USERDEF_DE_VALUE_REL (USER_DEF_DE_ID,PERMISSIBLE_VALUE_ID) VALUES (2,138);
INSERT INTO DYEXTN_USERDEF_DE_VALUE_REL (USER_DEF_DE_ID,PERMISSIBLE_VALUE_ID) VALUES (2,139);
INSERT INTO DYEXTN_USERDEF_DE_VALUE_REL (USER_DEF_DE_ID,PERMISSIBLE_VALUE_ID) VALUES (2,140);
INSERT INTO DYEXTN_USERDEF_DE_VALUE_REL (USER_DEF_DE_ID,PERMISSIBLE_VALUE_ID) VALUES (2,141);
INSERT INTO DYEXTN_USERDEF_DE_VALUE_REL (USER_DEF_DE_ID,PERMISSIBLE_VALUE_ID) VALUES (2,142);
INSERT INTO DYEXTN_USERDEF_DE_VALUE_REL (USER_DEF_DE_ID,PERMISSIBLE_VALUE_ID) VALUES (2,143);
INSERT INTO DYEXTN_USERDEF_DE_VALUE_REL (USER_DEF_DE_ID,PERMISSIBLE_VALUE_ID) VALUES (2,144);
INSERT INTO DYEXTN_USERDEF_DE_VALUE_REL (USER_DEF_DE_ID,PERMISSIBLE_VALUE_ID) VALUES (2,145);
INSERT INTO DYEXTN_USERDEF_DE_VALUE_REL (USER_DEF_DE_ID,PERMISSIBLE_VALUE_ID) VALUES (2,146);
INSERT INTO DYEXTN_USERDEF_DE_VALUE_REL (USER_DEF_DE_ID,PERMISSIBLE_VALUE_ID) VALUES (2,147);
INSERT INTO DYEXTN_USERDEF_DE_VALUE_REL (USER_DEF_DE_ID,PERMISSIBLE_VALUE_ID) VALUES (2,148);
INSERT INTO DYEXTN_USERDEF_DE_VALUE_REL (USER_DEF_DE_ID,PERMISSIBLE_VALUE_ID) VALUES (2,149);
INSERT INTO DYEXTN_USERDEF_DE_VALUE_REL (USER_DEF_DE_ID,PERMISSIBLE_VALUE_ID) VALUES (2,150);
INSERT INTO DYEXTN_USERDEF_DE_VALUE_REL (USER_DEF_DE_ID,PERMISSIBLE_VALUE_ID) VALUES (2,151);
INSERT INTO DYEXTN_USERDEF_DE_VALUE_REL (USER_DEF_DE_ID,PERMISSIBLE_VALUE_ID) VALUES (2,152);
INSERT INTO DYEXTN_USERDEF_DE_VALUE_REL (USER_DEF_DE_ID,PERMISSIBLE_VALUE_ID) VALUES (2,153);
INSERT INTO DYEXTN_USERDEF_DE_VALUE_REL (USER_DEF_DE_ID,PERMISSIBLE_VALUE_ID) VALUES (2,154);
INSERT INTO DYEXTN_USERDEF_DE_VALUE_REL (USER_DEF_DE_ID,PERMISSIBLE_VALUE_ID) VALUES (2,155);
INSERT INTO DYEXTN_USERDEF_DE_VALUE_REL (USER_DEF_DE_ID,PERMISSIBLE_VALUE_ID) VALUES (2,156);
INSERT INTO DYEXTN_USERDEF_DE_VALUE_REL (USER_DEF_DE_ID,PERMISSIBLE_VALUE_ID) VALUES (2,157);
INSERT INTO DYEXTN_USERDEF_DE_VALUE_REL (USER_DEF_DE_ID,PERMISSIBLE_VALUE_ID) VALUES (2,158);
INSERT INTO DYEXTN_USERDEF_DE_VALUE_REL (USER_DEF_DE_ID,PERMISSIBLE_VALUE_ID) VALUES (2,159);
INSERT INTO DYEXTN_USERDEF_DE_VALUE_REL (USER_DEF_DE_ID,PERMISSIBLE_VALUE_ID) VALUES (2,160);
INSERT INTO DYEXTN_USERDEF_DE_VALUE_REL (USER_DEF_DE_ID,PERMISSIBLE_VALUE_ID) VALUES (2,161);
INSERT INTO DYEXTN_USERDEF_DE_VALUE_REL (USER_DEF_DE_ID,PERMISSIBLE_VALUE_ID) VALUES (2,162);
INSERT INTO DYEXTN_USERDEF_DE_VALUE_REL (USER_DEF_DE_ID,PERMISSIBLE_VALUE_ID) VALUES (2,163);
INSERT INTO DYEXTN_USERDEF_DE_VALUE_REL (USER_DEF_DE_ID,PERMISSIBLE_VALUE_ID) VALUES (2,164);
INSERT INTO DYEXTN_USERDEF_DE_VALUE_REL (USER_DEF_DE_ID,PERMISSIBLE_VALUE_ID) VALUES (2,165);
INSERT INTO DYEXTN_USERDEF_DE_VALUE_REL (USER_DEF_DE_ID,PERMISSIBLE_VALUE_ID) VALUES (2,166);
INSERT INTO DYEXTN_USERDEF_DE_VALUE_REL (USER_DEF_DE_ID,PERMISSIBLE_VALUE_ID) VALUES (2,167);
INSERT INTO DYEXTN_USERDEF_DE_VALUE_REL (USER_DEF_DE_ID,PERMISSIBLE_VALUE_ID) VALUES (2,168);
INSERT INTO DYEXTN_USERDEF_DE_VALUE_REL (USER_DEF_DE_ID,PERMISSIBLE_VALUE_ID) VALUES (2,169);
INSERT INTO DYEXTN_USERDEF_DE_VALUE_REL (USER_DEF_DE_ID,PERMISSIBLE_VALUE_ID) VALUES (2,170);
INSERT INTO DYEXTN_USERDEF_DE_VALUE_REL (USER_DEF_DE_ID,PERMISSIBLE_VALUE_ID) VALUES (2,171);
INSERT INTO DYEXTN_USERDEF_DE_VALUE_REL (USER_DEF_DE_ID,PERMISSIBLE_VALUE_ID) VALUES (2,172);
INSERT INTO DYEXTN_USERDEF_DE_VALUE_REL (USER_DEF_DE_ID,PERMISSIBLE_VALUE_ID) VALUES (2,173);
INSERT INTO DYEXTN_USERDEF_DE_VALUE_REL (USER_DEF_DE_ID,PERMISSIBLE_VALUE_ID) VALUES (2,174);
INSERT INTO DYEXTN_USERDEF_DE_VALUE_REL (USER_DEF_DE_ID,PERMISSIBLE_VALUE_ID) VALUES (2,175);
INSERT INTO DYEXTN_USERDEF_DE_VALUE_REL (USER_DEF_DE_ID,PERMISSIBLE_VALUE_ID) VALUES (2,176);
INSERT INTO DYEXTN_USERDEF_DE_VALUE_REL (USER_DEF_DE_ID,PERMISSIBLE_VALUE_ID) VALUES (2,177);
INSERT INTO DYEXTN_USERDEF_DE_VALUE_REL (USER_DEF_DE_ID,PERMISSIBLE_VALUE_ID) VALUES (2,178);
INSERT INTO DYEXTN_USERDEF_DE_VALUE_REL (USER_DEF_DE_ID,PERMISSIBLE_VALUE_ID) VALUES (2,179);
INSERT INTO DYEXTN_USERDEF_DE_VALUE_REL (USER_DEF_DE_ID,PERMISSIBLE_VALUE_ID) VALUES (2,180);
INSERT INTO DYEXTN_USERDEF_DE_VALUE_REL (USER_DEF_DE_ID,PERMISSIBLE_VALUE_ID) VALUES (2,181);
INSERT INTO DYEXTN_USERDEF_DE_VALUE_REL (USER_DEF_DE_ID,PERMISSIBLE_VALUE_ID) VALUES (2,182);
INSERT INTO DYEXTN_USERDEF_DE_VALUE_REL (USER_DEF_DE_ID,PERMISSIBLE_VALUE_ID) VALUES (2,183);
INSERT INTO DYEXTN_USERDEF_DE_VALUE_REL (USER_DEF_DE_ID,PERMISSIBLE_VALUE_ID) VALUES (2,184);
INSERT INTO DYEXTN_USERDEF_DE_VALUE_REL (USER_DEF_DE_ID,PERMISSIBLE_VALUE_ID) VALUES (2,185);
INSERT INTO DYEXTN_USERDEF_DE_VALUE_REL (USER_DEF_DE_ID,PERMISSIBLE_VALUE_ID) VALUES (2,186);
INSERT INTO DYEXTN_USERDEF_DE_VALUE_REL (USER_DEF_DE_ID,PERMISSIBLE_VALUE_ID) VALUES (2,187);
INSERT INTO DYEXTN_USERDEF_DE_VALUE_REL (USER_DEF_DE_ID,PERMISSIBLE_VALUE_ID) VALUES (2,188);
INSERT INTO DYEXTN_USERDEF_DE_VALUE_REL (USER_DEF_DE_ID,PERMISSIBLE_VALUE_ID) VALUES (2,189);
INSERT INTO DYEXTN_USERDEF_DE_VALUE_REL (USER_DEF_DE_ID,PERMISSIBLE_VALUE_ID) VALUES (2,190);
INSERT INTO DYEXTN_USERDEF_DE_VALUE_REL (USER_DEF_DE_ID,PERMISSIBLE_VALUE_ID) VALUES (2,191);
INSERT INTO DYEXTN_USERDEF_DE_VALUE_REL (USER_DEF_DE_ID,PERMISSIBLE_VALUE_ID) VALUES (2,192);
INSERT INTO DYEXTN_USERDEF_DE_VALUE_REL (USER_DEF_DE_ID,PERMISSIBLE_VALUE_ID) VALUES (2,193);
INSERT INTO DYEXTN_USERDEF_DE_VALUE_REL (USER_DEF_DE_ID,PERMISSIBLE_VALUE_ID) VALUES (2,194);
INSERT INTO DYEXTN_USERDEF_DE_VALUE_REL (USER_DEF_DE_ID,PERMISSIBLE_VALUE_ID) VALUES (2,195);
INSERT INTO DYEXTN_USERDEF_DE_VALUE_REL (USER_DEF_DE_ID,PERMISSIBLE_VALUE_ID) VALUES (2,196);
INSERT INTO DYEXTN_USERDEF_DE_VALUE_REL (USER_DEF_DE_ID,PERMISSIBLE_VALUE_ID) VALUES (2,197);
INSERT INTO DYEXTN_USERDEF_DE_VALUE_REL (USER_DEF_DE_ID,PERMISSIBLE_VALUE_ID) VALUES (2,198);
INSERT INTO DYEXTN_USERDEF_DE_VALUE_REL (USER_DEF_DE_ID,PERMISSIBLE_VALUE_ID) VALUES (2,199);
INSERT INTO DYEXTN_USERDEF_DE_VALUE_REL (USER_DEF_DE_ID,PERMISSIBLE_VALUE_ID) VALUES (2,200);
INSERT INTO DYEXTN_USERDEF_DE_VALUE_REL (USER_DEF_DE_ID,PERMISSIBLE_VALUE_ID) VALUES (2,201);
INSERT INTO DYEXTN_USERDEF_DE_VALUE_REL (USER_DEF_DE_ID,PERMISSIBLE_VALUE_ID) VALUES (2,202);
INSERT INTO DYEXTN_USERDEF_DE_VALUE_REL (USER_DEF_DE_ID,PERMISSIBLE_VALUE_ID) VALUES (2,203);
INSERT INTO DYEXTN_USERDEF_DE_VALUE_REL (USER_DEF_DE_ID,PERMISSIBLE_VALUE_ID) VALUES (2,204);
INSERT INTO DYEXTN_USERDEF_DE_VALUE_REL (USER_DEF_DE_ID,PERMISSIBLE_VALUE_ID) VALUES (2,205);
INSERT INTO DYEXTN_USERDEF_DE_VALUE_REL (USER_DEF_DE_ID,PERMISSIBLE_VALUE_ID) VALUES (2,206);
INSERT INTO DYEXTN_USERDEF_DE_VALUE_REL (USER_DEF_DE_ID,PERMISSIBLE_VALUE_ID) VALUES (2,207);
INSERT INTO DYEXTN_USERDEF_DE_VALUE_REL (USER_DEF_DE_ID,PERMISSIBLE_VALUE_ID) VALUES (2,208);
INSERT INTO DYEXTN_USERDEF_DE_VALUE_REL (USER_DEF_DE_ID,PERMISSIBLE_VALUE_ID) VALUES (2,209);
INSERT INTO DYEXTN_USERDEF_DE_VALUE_REL (USER_DEF_DE_ID,PERMISSIBLE_VALUE_ID) VALUES (2,210);
INSERT INTO DYEXTN_USERDEF_DE_VALUE_REL (USER_DEF_DE_ID,PERMISSIBLE_VALUE_ID) VALUES (2,211);
INSERT INTO DYEXTN_USERDEF_DE_VALUE_REL (USER_DEF_DE_ID,PERMISSIBLE_VALUE_ID) VALUES (2,212);
INSERT INTO DYEXTN_USERDEF_DE_VALUE_REL (USER_DEF_DE_ID,PERMISSIBLE_VALUE_ID) VALUES (2,213);
INSERT INTO DYEXTN_USERDEF_DE_VALUE_REL (USER_DEF_DE_ID,PERMISSIBLE_VALUE_ID) VALUES (2,214);
INSERT INTO DYEXTN_USERDEF_DE_VALUE_REL (USER_DEF_DE_ID,PERMISSIBLE_VALUE_ID) VALUES (2,215);
INSERT INTO DYEXTN_USERDEF_DE_VALUE_REL (USER_DEF_DE_ID,PERMISSIBLE_VALUE_ID) VALUES (2,216);
INSERT INTO DYEXTN_USERDEF_DE_VALUE_REL (USER_DEF_DE_ID,PERMISSIBLE_VALUE_ID) VALUES (2,217);
INSERT INTO DYEXTN_USERDEF_DE_VALUE_REL (USER_DEF_DE_ID,PERMISSIBLE_VALUE_ID) VALUES (2,218);
INSERT INTO DYEXTN_USERDEF_DE_VALUE_REL (USER_DEF_DE_ID,PERMISSIBLE_VALUE_ID) VALUES (2,219);
INSERT INTO DYEXTN_USERDEF_DE_VALUE_REL (USER_DEF_DE_ID,PERMISSIBLE_VALUE_ID) VALUES (2,220);
INSERT INTO DYEXTN_USERDEF_DE_VALUE_REL (USER_DEF_DE_ID,PERMISSIBLE_VALUE_ID) VALUES (2,221);
INSERT INTO DYEXTN_USERDEF_DE_VALUE_REL (USER_DEF_DE_ID,PERMISSIBLE_VALUE_ID) VALUES (2,222);
INSERT INTO DYEXTN_USERDEF_DE_VALUE_REL (USER_DEF_DE_ID,PERMISSIBLE_VALUE_ID) VALUES (2,223);
INSERT INTO DYEXTN_USERDEF_DE_VALUE_REL (USER_DEF_DE_ID,PERMISSIBLE_VALUE_ID) VALUES (2,224);
INSERT INTO DYEXTN_USERDEF_DE_VALUE_REL (USER_DEF_DE_ID,PERMISSIBLE_VALUE_ID) VALUES (2,225);
INSERT INTO DYEXTN_USERDEF_DE_VALUE_REL (USER_DEF_DE_ID,PERMISSIBLE_VALUE_ID) VALUES (2,226);
INSERT INTO DYEXTN_USERDEF_DE_VALUE_REL (USER_DEF_DE_ID,PERMISSIBLE_VALUE_ID) VALUES (2,227);
INSERT INTO DYEXTN_USERDEF_DE_VALUE_REL (USER_DEF_DE_ID,PERMISSIBLE_VALUE_ID) VALUES (2,228);
INSERT INTO DYEXTN_USERDEF_DE_VALUE_REL (USER_DEF_DE_ID,PERMISSIBLE_VALUE_ID) VALUES (2,229);
INSERT INTO DYEXTN_USERDEF_DE_VALUE_REL (USER_DEF_DE_ID,PERMISSIBLE_VALUE_ID) VALUES (2,230);
INSERT INTO DYEXTN_USERDEF_DE_VALUE_REL (USER_DEF_DE_ID,PERMISSIBLE_VALUE_ID) VALUES (2,231);
INSERT INTO DYEXTN_USERDEF_DE_VALUE_REL (USER_DEF_DE_ID,PERMISSIBLE_VALUE_ID) VALUES (2,232);
INSERT INTO DYEXTN_USERDEF_DE_VALUE_REL (USER_DEF_DE_ID,PERMISSIBLE_VALUE_ID) VALUES (3,233);
INSERT INTO DYEXTN_USERDEF_DE_VALUE_REL (USER_DEF_DE_ID,PERMISSIBLE_VALUE_ID) VALUES (3,234);
INSERT INTO DYEXTN_USERDEF_DE_VALUE_REL (USER_DEF_DE_ID,PERMISSIBLE_VALUE_ID) VALUES (3,235);
INSERT INTO DYEXTN_USERDEF_DE_VALUE_REL (USER_DEF_DE_ID,PERMISSIBLE_VALUE_ID) VALUES (3,236);
INSERT INTO DYEXTN_USERDEF_DE_VALUE_REL (USER_DEF_DE_ID,PERMISSIBLE_VALUE_ID) VALUES (3,237);
INSERT INTO DYEXTN_USERDEF_DE_VALUE_REL (USER_DEF_DE_ID,PERMISSIBLE_VALUE_ID) VALUES (3,238);
INSERT INTO DYEXTN_USERDEF_DE_VALUE_REL (USER_DEF_DE_ID,PERMISSIBLE_VALUE_ID) VALUES (3,239);
INSERT INTO DYEXTN_USERDEF_DE_VALUE_REL (USER_DEF_DE_ID,PERMISSIBLE_VALUE_ID) VALUES (3,240);
INSERT INTO DYEXTN_USERDEF_DE_VALUE_REL (USER_DEF_DE_ID,PERMISSIBLE_VALUE_ID) VALUES (3,241);
INSERT INTO DYEXTN_USERDEF_DE_VALUE_REL (USER_DEF_DE_ID,PERMISSIBLE_VALUE_ID) VALUES (3,242);
INSERT INTO DYEXTN_USERDEF_DE_VALUE_REL (USER_DEF_DE_ID,PERMISSIBLE_VALUE_ID) VALUES (3,243);
INSERT INTO DYEXTN_USERDEF_DE_VALUE_REL (USER_DEF_DE_ID,PERMISSIBLE_VALUE_ID) VALUES (3,244);
INSERT INTO DYEXTN_USERDEF_DE_VALUE_REL (USER_DEF_DE_ID,PERMISSIBLE_VALUE_ID) VALUES (3,245);
INSERT INTO DYEXTN_USERDEF_DE_VALUE_REL (USER_DEF_DE_ID,PERMISSIBLE_VALUE_ID) VALUES (3,246);
INSERT INTO DYEXTN_USERDEF_DE_VALUE_REL (USER_DEF_DE_ID,PERMISSIBLE_VALUE_ID) VALUES (3,247);
INSERT INTO DYEXTN_USERDEF_DE_VALUE_REL (USER_DEF_DE_ID,PERMISSIBLE_VALUE_ID) VALUES (3,248);
INSERT INTO DYEXTN_USERDEF_DE_VALUE_REL (USER_DEF_DE_ID,PERMISSIBLE_VALUE_ID) VALUES (3,249);
INSERT INTO DYEXTN_USERDEF_DE_VALUE_REL (USER_DEF_DE_ID,PERMISSIBLE_VALUE_ID) VALUES (3,250);
INSERT INTO DYEXTN_USERDEF_DE_VALUE_REL (USER_DEF_DE_ID,PERMISSIBLE_VALUE_ID) VALUES (3,251);
INSERT INTO DYEXTN_USERDEF_DE_VALUE_REL (USER_DEF_DE_ID,PERMISSIBLE_VALUE_ID) VALUES (3,252);
INSERT INTO DYEXTN_USERDEF_DE_VALUE_REL (USER_DEF_DE_ID,PERMISSIBLE_VALUE_ID) VALUES (3,253);
INSERT INTO DYEXTN_USERDEF_DE_VALUE_REL (USER_DEF_DE_ID,PERMISSIBLE_VALUE_ID) VALUES (3,254);
INSERT INTO DYEXTN_USERDEF_DE_VALUE_REL (USER_DEF_DE_ID,PERMISSIBLE_VALUE_ID) VALUES (3,255);
INSERT INTO DYEXTN_USERDEF_DE_VALUE_REL (USER_DEF_DE_ID,PERMISSIBLE_VALUE_ID) VALUES (3,256);
INSERT INTO DYEXTN_USERDEF_DE_VALUE_REL (USER_DEF_DE_ID,PERMISSIBLE_VALUE_ID) VALUES (3,257);
INSERT INTO DYEXTN_USERDEF_DE_VALUE_REL (USER_DEF_DE_ID,PERMISSIBLE_VALUE_ID) VALUES (3,258);
INSERT INTO DYEXTN_USERDEF_DE_VALUE_REL (USER_DEF_DE_ID,PERMISSIBLE_VALUE_ID) VALUES (3,259);
INSERT INTO DYEXTN_USERDEF_DE_VALUE_REL (USER_DEF_DE_ID,PERMISSIBLE_VALUE_ID) VALUES (3,260);
INSERT INTO DYEXTN_USERDEF_DE_VALUE_REL (USER_DEF_DE_ID,PERMISSIBLE_VALUE_ID) VALUES (3,261);
INSERT INTO DYEXTN_USERDEF_DE_VALUE_REL (USER_DEF_DE_ID,PERMISSIBLE_VALUE_ID) VALUES (3,262);
INSERT INTO DYEXTN_USERDEF_DE_VALUE_REL (USER_DEF_DE_ID,PERMISSIBLE_VALUE_ID) VALUES (3,263);
INSERT INTO DYEXTN_USERDEF_DE_VALUE_REL (USER_DEF_DE_ID,PERMISSIBLE_VALUE_ID) VALUES (3,264);
INSERT INTO DYEXTN_USERDEF_DE_VALUE_REL (USER_DEF_DE_ID,PERMISSIBLE_VALUE_ID) VALUES (3,265);
INSERT INTO DYEXTN_USERDEF_DE_VALUE_REL (USER_DEF_DE_ID,PERMISSIBLE_VALUE_ID) VALUES (3,266);
INSERT INTO DYEXTN_USERDEF_DE_VALUE_REL (USER_DEF_DE_ID,PERMISSIBLE_VALUE_ID) VALUES (3,267);
INSERT INTO DYEXTN_USERDEF_DE_VALUE_REL (USER_DEF_DE_ID,PERMISSIBLE_VALUE_ID) VALUES (3,268);
INSERT INTO DYEXTN_USERDEF_DE_VALUE_REL (USER_DEF_DE_ID,PERMISSIBLE_VALUE_ID) VALUES (3,269);
INSERT INTO DYEXTN_USERDEF_DE_VALUE_REL (USER_DEF_DE_ID,PERMISSIBLE_VALUE_ID) VALUES (3,270);
INSERT INTO DYEXTN_USERDEF_DE_VALUE_REL (USER_DEF_DE_ID,PERMISSIBLE_VALUE_ID) VALUES (3,271);
INSERT INTO DYEXTN_USERDEF_DE_VALUE_REL (USER_DEF_DE_ID,PERMISSIBLE_VALUE_ID) VALUES (3,272);
INSERT INTO DYEXTN_USERDEF_DE_VALUE_REL (USER_DEF_DE_ID,PERMISSIBLE_VALUE_ID) VALUES (3,273);
INSERT INTO DYEXTN_USERDEF_DE_VALUE_REL (USER_DEF_DE_ID,PERMISSIBLE_VALUE_ID) VALUES (3,274);
INSERT INTO DYEXTN_USERDEF_DE_VALUE_REL (USER_DEF_DE_ID,PERMISSIBLE_VALUE_ID) VALUES (3,275);
INSERT INTO DYEXTN_USERDEF_DE_VALUE_REL (USER_DEF_DE_ID,PERMISSIBLE_VALUE_ID) VALUES (3,276);
INSERT INTO DYEXTN_USERDEF_DE_VALUE_REL (USER_DEF_DE_ID,PERMISSIBLE_VALUE_ID) VALUES (3,277);
INSERT INTO DYEXTN_USERDEF_DE_VALUE_REL (USER_DEF_DE_ID,PERMISSIBLE_VALUE_ID) VALUES (3,278);
INSERT INTO DYEXTN_USERDEF_DE_VALUE_REL (USER_DEF_DE_ID,PERMISSIBLE_VALUE_ID) VALUES (3,279);
INSERT INTO DYEXTN_USERDEF_DE_VALUE_REL (USER_DEF_DE_ID,PERMISSIBLE_VALUE_ID) VALUES (3,280);
INSERT INTO DYEXTN_USERDEF_DE_VALUE_REL (USER_DEF_DE_ID,PERMISSIBLE_VALUE_ID) VALUES (3,281);
INSERT INTO DYEXTN_USERDEF_DE_VALUE_REL (USER_DEF_DE_ID,PERMISSIBLE_VALUE_ID) VALUES (3,282);
INSERT INTO DYEXTN_USERDEF_DE_VALUE_REL (USER_DEF_DE_ID,PERMISSIBLE_VALUE_ID) VALUES (3,283);
INSERT INTO DYEXTN_USERDEF_DE_VALUE_REL (USER_DEF_DE_ID,PERMISSIBLE_VALUE_ID) VALUES (3,284);
INSERT INTO DYEXTN_USERDEF_DE_VALUE_REL (USER_DEF_DE_ID,PERMISSIBLE_VALUE_ID) VALUES (4,285);
INSERT INTO DYEXTN_USERDEF_DE_VALUE_REL (USER_DEF_DE_ID,PERMISSIBLE_VALUE_ID) VALUES (4,286);
INSERT INTO DYEXTN_USERDEF_DE_VALUE_REL (USER_DEF_DE_ID,PERMISSIBLE_VALUE_ID) VALUES (4,287);
INSERT INTO DYEXTN_USERDEF_DE_VALUE_REL (USER_DEF_DE_ID,PERMISSIBLE_VALUE_ID) VALUES (4,288);
INSERT INTO DYEXTN_USERDEF_DE_VALUE_REL (USER_DEF_DE_ID,PERMISSIBLE_VALUE_ID) VALUES (5,289);
INSERT INTO DYEXTN_USERDEF_DE_VALUE_REL (USER_DEF_DE_ID,PERMISSIBLE_VALUE_ID) VALUES (5,290);
INSERT INTO DYEXTN_USERDEF_DE_VALUE_REL (USER_DEF_DE_ID,PERMISSIBLE_VALUE_ID) VALUES (5,291);
INSERT INTO DYEXTN_USERDEF_DE_VALUE_REL (USER_DEF_DE_ID,PERMISSIBLE_VALUE_ID) VALUES (5,292);
INSERT INTO DYEXTN_USERDEF_DE_VALUE_REL (USER_DEF_DE_ID,PERMISSIBLE_VALUE_ID) VALUES (6,293);
INSERT INTO DYEXTN_USERDEF_DE_VALUE_REL (USER_DEF_DE_ID,PERMISSIBLE_VALUE_ID) VALUES (6,294);
INSERT INTO DYEXTN_USERDEF_DE_VALUE_REL (USER_DEF_DE_ID,PERMISSIBLE_VALUE_ID) VALUES (6,295);
INSERT INTO DYEXTN_USERDEF_DE_VALUE_REL (USER_DEF_DE_ID,PERMISSIBLE_VALUE_ID) VALUES (6,296);
INSERT INTO DYEXTN_USERDEF_DE_VALUE_REL (USER_DEF_DE_ID,PERMISSIBLE_VALUE_ID) VALUES (6,297);
INSERT INTO DYEXTN_USERDEF_DE_VALUE_REL (USER_DEF_DE_ID,PERMISSIBLE_VALUE_ID) VALUES (6,298);
INSERT INTO DYEXTN_USERDEF_DE_VALUE_REL (USER_DEF_DE_ID,PERMISSIBLE_VALUE_ID) VALUES (6,299);
INSERT INTO DYEXTN_USERDEF_DE_VALUE_REL (USER_DEF_DE_ID,PERMISSIBLE_VALUE_ID) VALUES (6,300);
INSERT INTO DYEXTN_USERDEF_DE_VALUE_REL (USER_DEF_DE_ID,PERMISSIBLE_VALUE_ID) VALUES (6,301);
INSERT INTO DYEXTN_USERDEF_DE_VALUE_REL (USER_DEF_DE_ID,PERMISSIBLE_VALUE_ID) VALUES (7,302);
INSERT INTO DYEXTN_USERDEF_DE_VALUE_REL (USER_DEF_DE_ID,PERMISSIBLE_VALUE_ID) VALUES (7,303);
INSERT INTO DYEXTN_USERDEF_DE_VALUE_REL (USER_DEF_DE_ID,PERMISSIBLE_VALUE_ID) VALUES (7,304);
INSERT INTO DYEXTN_USERDEF_DE_VALUE_REL (USER_DEF_DE_ID,PERMISSIBLE_VALUE_ID) VALUES (7,305);

INSERT INTO DYEXTN_STRING_CONCEPT_VALUE (IDENTIFIER,VALUE) VALUES (1,'Collection Site');
INSERT INTO DYEXTN_STRING_CONCEPT_VALUE (IDENTIFIER,VALUE) VALUES (2,'Not Specified');
INSERT INTO DYEXTN_STRING_CONCEPT_VALUE (IDENTIFIER,VALUE) VALUES (3,'Repository');
INSERT INTO DYEXTN_STRING_CONCEPT_VALUE (IDENTIFIER,VALUE) VALUES (4,'Laboratory');
INSERT INTO DYEXTN_STRING_CONCEPT_VALUE (IDENTIFIER,VALUE) VALUES (5,'Malta');
INSERT INTO DYEXTN_STRING_CONCEPT_VALUE (IDENTIFIER,VALUE) VALUES (6,'Lithuania');
INSERT INTO DYEXTN_STRING_CONCEPT_VALUE (IDENTIFIER,VALUE) VALUES (7,'Djibouti');
INSERT INTO DYEXTN_STRING_CONCEPT_VALUE (IDENTIFIER,VALUE) VALUES (8,'Georgia');
INSERT INTO DYEXTN_STRING_CONCEPT_VALUE (IDENTIFIER,VALUE) VALUES (9,'Denmark');
INSERT INTO DYEXTN_STRING_CONCEPT_VALUE (IDENTIFIER,VALUE) VALUES (10,'Niger');
INSERT INTO DYEXTN_STRING_CONCEPT_VALUE (IDENTIFIER,VALUE) VALUES (11,'Zimbabwe');
INSERT INTO DYEXTN_STRING_CONCEPT_VALUE (IDENTIFIER,VALUE) VALUES (12,'Brazil');
INSERT INTO DYEXTN_STRING_CONCEPT_VALUE (IDENTIFIER,VALUE) VALUES (13,'United States');
INSERT INTO DYEXTN_STRING_CONCEPT_VALUE (IDENTIFIER,VALUE) VALUES (14,'Canada');
INSERT INTO DYEXTN_STRING_CONCEPT_VALUE (IDENTIFIER,VALUE) VALUES (15,'Honduras');
INSERT INTO DYEXTN_STRING_CONCEPT_VALUE (IDENTIFIER,VALUE) VALUES (16,'Comoros');
INSERT INTO DYEXTN_STRING_CONCEPT_VALUE (IDENTIFIER,VALUE) VALUES (17,'Falkland Islands');
INSERT INTO DYEXTN_STRING_CONCEPT_VALUE (IDENTIFIER,VALUE) VALUES (18,'Equatorial Guinea');
INSERT INTO DYEXTN_STRING_CONCEPT_VALUE (IDENTIFIER,VALUE) VALUES (19,'Slovenia');
INSERT INTO DYEXTN_STRING_CONCEPT_VALUE (IDENTIFIER,VALUE) VALUES (20,'Madagascar');
INSERT INTO DYEXTN_STRING_CONCEPT_VALUE (IDENTIFIER,VALUE) VALUES (21,'Italy');
INSERT INTO DYEXTN_STRING_CONCEPT_VALUE (IDENTIFIER,VALUE) VALUES (22,'Cote D ivoire');
INSERT INTO DYEXTN_STRING_CONCEPT_VALUE (IDENTIFIER,VALUE) VALUES (23,'Brunei Darussalam');
INSERT INTO DYEXTN_STRING_CONCEPT_VALUE (IDENTIFIER,VALUE) VALUES (24,'Gambia');
INSERT INTO DYEXTN_STRING_CONCEPT_VALUE (IDENTIFIER,VALUE) VALUES (25,'Sri Lanka');
INSERT INTO DYEXTN_STRING_CONCEPT_VALUE (IDENTIFIER,VALUE) VALUES (26,'Oman');
INSERT INTO DYEXTN_STRING_CONCEPT_VALUE (IDENTIFIER,VALUE) VALUES (27,'Iraq');
INSERT INTO DYEXTN_STRING_CONCEPT_VALUE (IDENTIFIER,VALUE) VALUES (28,'China');
INSERT INTO DYEXTN_STRING_CONCEPT_VALUE (IDENTIFIER,VALUE) VALUES (29,'Korea');
INSERT INTO DYEXTN_STRING_CONCEPT_VALUE (IDENTIFIER,VALUE) VALUES (30,'French Polynesia');
INSERT INTO DYEXTN_STRING_CONCEPT_VALUE (IDENTIFIER,VALUE) VALUES (31,'Spain');
INSERT INTO DYEXTN_STRING_CONCEPT_VALUE (IDENTIFIER,VALUE) VALUES (32,'Panama');
INSERT INTO DYEXTN_STRING_CONCEPT_VALUE (IDENTIFIER,VALUE) VALUES (33,'Poland');
INSERT INTO DYEXTN_STRING_CONCEPT_VALUE (IDENTIFIER,VALUE) VALUES (34,'Benin');
INSERT INTO DYEXTN_STRING_CONCEPT_VALUE (IDENTIFIER,VALUE) VALUES (35,'Morocco');
INSERT INTO DYEXTN_STRING_CONCEPT_VALUE (IDENTIFIER,VALUE) VALUES (36,'Wallis And Futuna Islands');
INSERT INTO DYEXTN_STRING_CONCEPT_VALUE (IDENTIFIER,VALUE) VALUES (37,'Guam');
INSERT INTO DYEXTN_STRING_CONCEPT_VALUE (IDENTIFIER,VALUE) VALUES (38,'Ireland');
INSERT INTO DYEXTN_STRING_CONCEPT_VALUE (IDENTIFIER,VALUE) VALUES (39,'Suriname');
INSERT INTO DYEXTN_STRING_CONCEPT_VALUE (IDENTIFIER,VALUE) VALUES (40,'Faroe Islands');
INSERT INTO DYEXTN_STRING_CONCEPT_VALUE (IDENTIFIER,VALUE) VALUES (41,'Monaco');
INSERT INTO DYEXTN_STRING_CONCEPT_VALUE (IDENTIFIER,VALUE) VALUES (42,'Mauritius');
INSERT INTO DYEXTN_STRING_CONCEPT_VALUE (IDENTIFIER,VALUE) VALUES (43,'Saint Vincent');
INSERT INTO DYEXTN_STRING_CONCEPT_VALUE (IDENTIFIER,VALUE) VALUES (44,'Turkey');
INSERT INTO DYEXTN_STRING_CONCEPT_VALUE (IDENTIFIER,VALUE) VALUES (45,'Samoa');
INSERT INTO DYEXTN_STRING_CONCEPT_VALUE (IDENTIFIER,VALUE) VALUES (46,'Hong Kong');
INSERT INTO DYEXTN_STRING_CONCEPT_VALUE (IDENTIFIER,VALUE) VALUES (47,'Iceland');
INSERT INTO DYEXTN_STRING_CONCEPT_VALUE (IDENTIFIER,VALUE) VALUES (48,'Kenya');
INSERT INTO DYEXTN_STRING_CONCEPT_VALUE (IDENTIFIER,VALUE) VALUES (49,'Rwanda');
INSERT INTO DYEXTN_STRING_CONCEPT_VALUE (IDENTIFIER,VALUE) VALUES (50,'Armenia');
INSERT INTO DYEXTN_STRING_CONCEPT_VALUE (IDENTIFIER,VALUE) VALUES (51,'Kiribati');
INSERT INTO DYEXTN_STRING_CONCEPT_VALUE (IDENTIFIER,VALUE) VALUES (52,'Sudan');
INSERT INTO DYEXTN_STRING_CONCEPT_VALUE (IDENTIFIER,VALUE) VALUES (53,'El Salvador');
INSERT INTO DYEXTN_STRING_CONCEPT_VALUE (IDENTIFIER,VALUE) VALUES (54,'Bouvet Island');
INSERT INTO DYEXTN_STRING_CONCEPT_VALUE (IDENTIFIER,VALUE) VALUES (55,'Netherlands');
INSERT INTO DYEXTN_STRING_CONCEPT_VALUE (IDENTIFIER,VALUE) VALUES (56,'Afghanistan');
INSERT INTO DYEXTN_STRING_CONCEPT_VALUE (IDENTIFIER,VALUE) VALUES (57,'Guatemala');
INSERT INTO DYEXTN_STRING_CONCEPT_VALUE (IDENTIFIER,VALUE) VALUES (58,'Cook Islands');
INSERT INTO DYEXTN_STRING_CONCEPT_VALUE (IDENTIFIER,VALUE) VALUES (59,'Macedonia');
INSERT INTO DYEXTN_STRING_CONCEPT_VALUE (IDENTIFIER,VALUE) VALUES (60,'Cayman Islands');
INSERT INTO DYEXTN_STRING_CONCEPT_VALUE (IDENTIFIER,VALUE) VALUES (61,'Bosnia and Herzegovina');
INSERT INTO DYEXTN_STRING_CONCEPT_VALUE (IDENTIFIER,VALUE) VALUES (62,'Tajikistan');
INSERT INTO DYEXTN_STRING_CONCEPT_VALUE (IDENTIFIER,VALUE) VALUES (63,'Guadeloupe');
INSERT INTO DYEXTN_STRING_CONCEPT_VALUE (IDENTIFIER,VALUE) VALUES (64,'Costa Rica');
INSERT INTO DYEXTN_STRING_CONCEPT_VALUE (IDENTIFIER,VALUE) VALUES (65,'Guinea');
INSERT INTO DYEXTN_STRING_CONCEPT_VALUE (IDENTIFIER,VALUE) VALUES (66,'Niue');
INSERT INTO DYEXTN_STRING_CONCEPT_VALUE (IDENTIFIER,VALUE) VALUES (67,'France');
INSERT INTO DYEXTN_STRING_CONCEPT_VALUE (IDENTIFIER,VALUE) VALUES (68,'French Guiana');
INSERT INTO DYEXTN_STRING_CONCEPT_VALUE (IDENTIFIER,VALUE) VALUES (69,'Aruba');
INSERT INTO DYEXTN_STRING_CONCEPT_VALUE (IDENTIFIER,VALUE) VALUES (70,'Zaire');
INSERT INTO DYEXTN_STRING_CONCEPT_VALUE (IDENTIFIER,VALUE) VALUES (71,'Jordan');
INSERT INTO DYEXTN_STRING_CONCEPT_VALUE (IDENTIFIER,VALUE) VALUES (72,'Egypt');
INSERT INTO DYEXTN_STRING_CONCEPT_VALUE (IDENTIFIER,VALUE) VALUES (73,'Pakistan');
INSERT INTO DYEXTN_STRING_CONCEPT_VALUE (IDENTIFIER,VALUE) VALUES (74,'Venezuela');
INSERT INTO DYEXTN_STRING_CONCEPT_VALUE (IDENTIFIER,VALUE) VALUES (75,'Saudi Arabia');
INSERT INTO DYEXTN_STRING_CONCEPT_VALUE (IDENTIFIER,VALUE) VALUES (76,'Trinidad and Tobago');
INSERT INTO DYEXTN_STRING_CONCEPT_VALUE (IDENTIFIER,VALUE) VALUES (77,'Qatar');
INSERT INTO DYEXTN_STRING_CONCEPT_VALUE (IDENTIFIER,VALUE) VALUES (78,'Netherlands Antilles');
INSERT INTO DYEXTN_STRING_CONCEPT_VALUE (IDENTIFIER,VALUE) VALUES (79,'Cambodia');
INSERT INTO DYEXTN_STRING_CONCEPT_VALUE (IDENTIFIER,VALUE) VALUES (80,'Japan');
INSERT INTO DYEXTN_STRING_CONCEPT_VALUE (IDENTIFIER,VALUE) VALUES (81,'Peru');
INSERT INTO DYEXTN_STRING_CONCEPT_VALUE (IDENTIFIER,VALUE) VALUES (82,'Nigeria');
INSERT INTO DYEXTN_STRING_CONCEPT_VALUE (IDENTIFIER,VALUE) VALUES (83,'Burkina Faso');
INSERT INTO DYEXTN_STRING_CONCEPT_VALUE (IDENTIFIER,VALUE) VALUES (84,'Palau');
INSERT INTO DYEXTN_STRING_CONCEPT_VALUE (IDENTIFIER,VALUE) VALUES (85,'Colombia');
INSERT INTO DYEXTN_STRING_CONCEPT_VALUE (IDENTIFIER,VALUE) VALUES (86,'San Marino');
INSERT INTO DYEXTN_STRING_CONCEPT_VALUE (IDENTIFIER,VALUE) VALUES (87,'Barbados');
INSERT INTO DYEXTN_STRING_CONCEPT_VALUE (IDENTIFIER,VALUE) VALUES (88,'Singapore');
INSERT INTO DYEXTN_STRING_CONCEPT_VALUE (IDENTIFIER,VALUE) VALUES (89,'Zambia');
INSERT INTO DYEXTN_STRING_CONCEPT_VALUE (IDENTIFIER,VALUE) VALUES (90,'Switzerland');
INSERT INTO DYEXTN_STRING_CONCEPT_VALUE (IDENTIFIER,VALUE) VALUES (91,'Gibraltar');
INSERT INTO DYEXTN_STRING_CONCEPT_VALUE (IDENTIFIER,VALUE) VALUES (92,'Vietnam');
INSERT INTO DYEXTN_STRING_CONCEPT_VALUE (IDENTIFIER,VALUE) VALUES (93,'Christmas Island');
INSERT INTO DYEXTN_STRING_CONCEPT_VALUE (IDENTIFIER,VALUE) VALUES (94,'Reunion');
INSERT INTO DYEXTN_STRING_CONCEPT_VALUE (IDENTIFIER,VALUE) VALUES (95,'Papua New Guinea');
INSERT INTO DYEXTN_STRING_CONCEPT_VALUE (IDENTIFIER,VALUE) VALUES (96,'Saint Helena');
INSERT INTO DYEXTN_STRING_CONCEPT_VALUE (IDENTIFIER,VALUE) VALUES (97,'Lebanon');
INSERT INTO DYEXTN_STRING_CONCEPT_VALUE (IDENTIFIER,VALUE) VALUES (98,'Norfolk Island');
INSERT INTO DYEXTN_STRING_CONCEPT_VALUE (IDENTIFIER,VALUE) VALUES (99,'Tuvalu');
INSERT INTO DYEXTN_STRING_CONCEPT_VALUE (IDENTIFIER,VALUE) VALUES (100,'Tunisia');
INSERT INTO DYEXTN_STRING_CONCEPT_VALUE (IDENTIFIER,VALUE) VALUES (101,'Kuwait');
INSERT INTO DYEXTN_STRING_CONCEPT_VALUE (IDENTIFIER,VALUE) VALUES (102,'Iran');
INSERT INTO DYEXTN_STRING_CONCEPT_VALUE (IDENTIFIER,VALUE) VALUES (103,'United Kingdom');
INSERT INTO DYEXTN_STRING_CONCEPT_VALUE (IDENTIFIER,VALUE) VALUES (104,'Romania');
INSERT INTO DYEXTN_STRING_CONCEPT_VALUE (IDENTIFIER,VALUE) VALUES (105,'Slovakia');
INSERT INTO DYEXTN_STRING_CONCEPT_VALUE (IDENTIFIER,VALUE) VALUES (106,'Turks and Caicos Islands');
INSERT INTO DYEXTN_STRING_CONCEPT_VALUE (IDENTIFIER,VALUE) VALUES (107,'Western Sahara');
INSERT INTO DYEXTN_STRING_CONCEPT_VALUE (IDENTIFIER,VALUE) VALUES (108,'Haiti');
INSERT INTO DYEXTN_STRING_CONCEPT_VALUE (IDENTIFIER,VALUE) VALUES (109,'Seychelles');
INSERT INTO DYEXTN_STRING_CONCEPT_VALUE (IDENTIFIER,VALUE) VALUES (110,'Saint Lucia');
INSERT INTO DYEXTN_STRING_CONCEPT_VALUE (IDENTIFIER,VALUE) VALUES (111,'Mauritania');
INSERT INTO DYEXTN_STRING_CONCEPT_VALUE (IDENTIFIER,VALUE) VALUES (112,'Gabon');
INSERT INTO DYEXTN_STRING_CONCEPT_VALUE (IDENTIFIER,VALUE) VALUES (113,'Macau');
INSERT INTO DYEXTN_STRING_CONCEPT_VALUE (IDENTIFIER,VALUE) VALUES (114,'Somalia');
INSERT INTO DYEXTN_STRING_CONCEPT_VALUE (IDENTIFIER,VALUE) VALUES (115,'American Samoa');
INSERT INTO DYEXTN_STRING_CONCEPT_VALUE (IDENTIFIER,VALUE) VALUES (116,'Chile');
INSERT INTO DYEXTN_STRING_CONCEPT_VALUE (IDENTIFIER,VALUE) VALUES (117,'Nauru');
INSERT INTO DYEXTN_STRING_CONCEPT_VALUE (IDENTIFIER,VALUE) VALUES (118,'Guyana');
INSERT INTO DYEXTN_STRING_CONCEPT_VALUE (IDENTIFIER,VALUE) VALUES (119,'Fiji');
INSERT INTO DYEXTN_STRING_CONCEPT_VALUE (IDENTIFIER,VALUE) VALUES (120,'Congo');
INSERT INTO DYEXTN_STRING_CONCEPT_VALUE (IDENTIFIER,VALUE) VALUES (121,'Croatia');
INSERT INTO DYEXTN_STRING_CONCEPT_VALUE (IDENTIFIER,VALUE) VALUES (123,'Australia');
INSERT INTO DYEXTN_STRING_CONCEPT_VALUE (IDENTIFIER,VALUE) VALUES (124,'Swaziland');
INSERT INTO DYEXTN_STRING_CONCEPT_VALUE (IDENTIFIER,VALUE) VALUES (125,'Czech Republic');
INSERT INTO DYEXTN_STRING_CONCEPT_VALUE (IDENTIFIER,VALUE) VALUES (126,'Cocos Islands');
INSERT INTO DYEXTN_STRING_CONCEPT_VALUE (IDENTIFIER,VALUE) VALUES (127,'New Caledonia');
INSERT INTO DYEXTN_STRING_CONCEPT_VALUE (IDENTIFIER,VALUE) VALUES (128,'Malawi');
INSERT INTO DYEXTN_STRING_CONCEPT_VALUE (IDENTIFIER,VALUE) VALUES (129,'Dominica');
INSERT INTO DYEXTN_STRING_CONCEPT_VALUE (IDENTIFIER,VALUE) VALUES (130,'Ethiopia');
INSERT INTO DYEXTN_STRING_CONCEPT_VALUE (IDENTIFIER,VALUE) VALUES (131,'Belarus');
INSERT INTO DYEXTN_STRING_CONCEPT_VALUE (IDENTIFIER,VALUE) VALUES (132,'Saint Pierre');
INSERT INTO DYEXTN_STRING_CONCEPT_VALUE (IDENTIFIER,VALUE) VALUES (133,'Mozambique');
INSERT INTO DYEXTN_STRING_CONCEPT_VALUE (IDENTIFIER,VALUE) VALUES (134,'Belgium');
INSERT INTO DYEXTN_STRING_CONCEPT_VALUE (IDENTIFIER,VALUE) VALUES (135,'Liechtenstein');
INSERT INTO DYEXTN_STRING_CONCEPT_VALUE (IDENTIFIER,VALUE) VALUES (136,'South Africa');
INSERT INTO DYEXTN_STRING_CONCEPT_VALUE (IDENTIFIER,VALUE) VALUES (137,'Kyrgyzstan');
INSERT INTO DYEXTN_STRING_CONCEPT_VALUE (IDENTIFIER,VALUE) VALUES (138,'Indonesia');
INSERT INTO DYEXTN_STRING_CONCEPT_VALUE (IDENTIFIER,VALUE) VALUES (139,'Namibia');
INSERT INTO DYEXTN_STRING_CONCEPT_VALUE (IDENTIFIER,VALUE) VALUES (140,'Mongolia');
INSERT INTO DYEXTN_STRING_CONCEPT_VALUE (IDENTIFIER,VALUE) VALUES (141,'Tanzania');
INSERT INTO DYEXTN_STRING_CONCEPT_VALUE (IDENTIFIER,VALUE) VALUES (142,'Philippines');
INSERT INTO DYEXTN_STRING_CONCEPT_VALUE (IDENTIFIER,VALUE) VALUES (143,'Azerbaijan');
INSERT INTO DYEXTN_STRING_CONCEPT_VALUE (IDENTIFIER,VALUE) VALUES (144,'Martinique');
INSERT INTO DYEXTN_STRING_CONCEPT_VALUE (IDENTIFIER,VALUE) VALUES (145,'Paraguay');
INSERT INTO DYEXTN_STRING_CONCEPT_VALUE (IDENTIFIER,VALUE) VALUES (146,'Latvia');
INSERT INTO DYEXTN_STRING_CONCEPT_VALUE (IDENTIFIER,VALUE) VALUES (147,'Turkmenistan');
INSERT INTO DYEXTN_STRING_CONCEPT_VALUE (IDENTIFIER,VALUE) VALUES (148,'Norway');
INSERT INTO DYEXTN_STRING_CONCEPT_VALUE (IDENTIFIER,VALUE) VALUES (149,'Angola');
INSERT INTO DYEXTN_STRING_CONCEPT_VALUE (IDENTIFIER,VALUE) VALUES (150,'Nepal');
INSERT INTO DYEXTN_STRING_CONCEPT_VALUE (IDENTIFIER,VALUE) VALUES (151,'Mexico');
INSERT INTO DYEXTN_STRING_CONCEPT_VALUE (IDENTIFIER,VALUE) VALUES (152,'Finland');
INSERT INTO DYEXTN_STRING_CONCEPT_VALUE (IDENTIFIER,VALUE) VALUES (153,'Senegal');
INSERT INTO DYEXTN_STRING_CONCEPT_VALUE (IDENTIFIER,VALUE) VALUES (154,'Bhutan');
INSERT INTO DYEXTN_STRING_CONCEPT_VALUE (IDENTIFIER,VALUE) VALUES (155,'Cape Verde');
INSERT INTO DYEXTN_STRING_CONCEPT_VALUE (IDENTIFIER,VALUE) VALUES (156,'Marshall Islands');
INSERT INTO DYEXTN_STRING_CONCEPT_VALUE (IDENTIFIER,VALUE) VALUES (157,'Grenada');
INSERT INTO DYEXTN_STRING_CONCEPT_VALUE (IDENTIFIER,VALUE) VALUES (158,'Russian Federation');
INSERT INTO DYEXTN_STRING_CONCEPT_VALUE (IDENTIFIER,VALUE) VALUES (159,'Myanmar');
INSERT INTO DYEXTN_STRING_CONCEPT_VALUE (IDENTIFIER,VALUE) VALUES (160,'Algeria');
INSERT INTO DYEXTN_STRING_CONCEPT_VALUE (IDENTIFIER,VALUE) VALUES (161,'Kazakhstan');
INSERT INTO DYEXTN_STRING_CONCEPT_VALUE (IDENTIFIER,VALUE) VALUES (162,'Pitcairn');
INSERT INTO DYEXTN_STRING_CONCEPT_VALUE (IDENTIFIER,VALUE) VALUES (163,'Bolivia');
INSERT INTO DYEXTN_STRING_CONCEPT_VALUE (IDENTIFIER,VALUE) VALUES (164,'Mali');
INSERT INTO DYEXTN_STRING_CONCEPT_VALUE (IDENTIFIER,VALUE) VALUES (165,'Belize');
INSERT INTO DYEXTN_STRING_CONCEPT_VALUE (IDENTIFIER,VALUE) VALUES (166,'Micronesia');
INSERT INTO DYEXTN_STRING_CONCEPT_VALUE (IDENTIFIER,VALUE) VALUES (167,'Taiwan');
INSERT INTO DYEXTN_STRING_CONCEPT_VALUE (IDENTIFIER,VALUE) VALUES (168,'Israel');
INSERT INTO DYEXTN_STRING_CONCEPT_VALUE (IDENTIFIER,VALUE) VALUES (169,'East Timor');
INSERT INTO DYEXTN_STRING_CONCEPT_VALUE (IDENTIFIER,VALUE) VALUES (170,'Moldova');
INSERT INTO DYEXTN_STRING_CONCEPT_VALUE (IDENTIFIER,VALUE) VALUES (171,'Puerto Rico');
INSERT INTO DYEXTN_STRING_CONCEPT_VALUE (IDENTIFIER,VALUE) VALUES (172,'Vanuatu');
INSERT INTO DYEXTN_STRING_CONCEPT_VALUE (IDENTIFIER,VALUE) VALUES (173,'Austria');
INSERT INTO DYEXTN_STRING_CONCEPT_VALUE (IDENTIFIER,VALUE) VALUES (174,'Togo');
INSERT INTO DYEXTN_STRING_CONCEPT_VALUE (IDENTIFIER,VALUE) VALUES (175,'Bermuda');
INSERT INTO DYEXTN_STRING_CONCEPT_VALUE (IDENTIFIER,VALUE) VALUES (176,'Dominican Republic');
INSERT INTO DYEXTN_STRING_CONCEPT_VALUE (IDENTIFIER,VALUE) VALUES (177,'Bulgaria');
INSERT INTO DYEXTN_STRING_CONCEPT_VALUE (IDENTIFIER,VALUE) VALUES (178,'Virgin Islands');
INSERT INTO DYEXTN_STRING_CONCEPT_VALUE (IDENTIFIER,VALUE) VALUES (179,'Antarctica');
INSERT INTO DYEXTN_STRING_CONCEPT_VALUE (IDENTIFIER,VALUE) VALUES (180,'Cyprus');
INSERT INTO DYEXTN_STRING_CONCEPT_VALUE (IDENTIFIER,VALUE) VALUES (181,'Cameroon');
INSERT INTO DYEXTN_STRING_CONCEPT_VALUE (IDENTIFIER,VALUE) VALUES (182,'Malaysia');
INSERT INTO DYEXTN_STRING_CONCEPT_VALUE (IDENTIFIER,VALUE) VALUES (183,'Solomon Islands');
INSERT INTO DYEXTN_STRING_CONCEPT_VALUE (IDENTIFIER,VALUE) VALUES (184,'Nicaragua');
INSERT INTO DYEXTN_STRING_CONCEPT_VALUE (IDENTIFIER,VALUE) VALUES (185,'Sierra Leone');
INSERT INTO DYEXTN_STRING_CONCEPT_VALUE (IDENTIFIER,VALUE) VALUES (186,'Lesotho');
INSERT INTO DYEXTN_STRING_CONCEPT_VALUE (IDENTIFIER,VALUE) VALUES (187,'Andorra');
INSERT INTO DYEXTN_STRING_CONCEPT_VALUE (IDENTIFIER,VALUE) VALUES (188,'Greece');
INSERT INTO DYEXTN_STRING_CONCEPT_VALUE (IDENTIFIER,VALUE) VALUES (189,'Central African Republic');
INSERT INTO DYEXTN_STRING_CONCEPT_VALUE (IDENTIFIER,VALUE) VALUES (190,'Jamaica');
INSERT INTO DYEXTN_STRING_CONCEPT_VALUE (IDENTIFIER,VALUE) VALUES (191,'Sao Tome and Principe');
INSERT INTO DYEXTN_STRING_CONCEPT_VALUE (IDENTIFIER,VALUE) VALUES (192,'Bahamas');
INSERT INTO DYEXTN_STRING_CONCEPT_VALUE (IDENTIFIER,VALUE) VALUES (193,'Ghana');
INSERT INTO DYEXTN_STRING_CONCEPT_VALUE (IDENTIFIER,VALUE) VALUES (194,'Bangladesh');
INSERT INTO DYEXTN_STRING_CONCEPT_VALUE (IDENTIFIER,VALUE) VALUES (195,'French S. Territories');
INSERT INTO DYEXTN_STRING_CONCEPT_VALUE (IDENTIFIER,VALUE) VALUES (196,'Bahrain');
INSERT INTO DYEXTN_STRING_CONCEPT_VALUE (IDENTIFIER,VALUE) VALUES (197,'Uganda');
INSERT INTO DYEXTN_STRING_CONCEPT_VALUE (IDENTIFIER,VALUE) VALUES (198,'Montserrat');
INSERT INTO DYEXTN_STRING_CONCEPT_VALUE (IDENTIFIER,VALUE) VALUES (199,'Luxembourg');
INSERT INTO DYEXTN_STRING_CONCEPT_VALUE (IDENTIFIER,VALUE) VALUES (200,'Botswana');
INSERT INTO DYEXTN_STRING_CONCEPT_VALUE (IDENTIFIER,VALUE) VALUES (201,'New Zealand');
INSERT INTO DYEXTN_STRING_CONCEPT_VALUE (IDENTIFIER,VALUE) VALUES (202,'Germany');
INSERT INTO DYEXTN_STRING_CONCEPT_VALUE (IDENTIFIER,VALUE) VALUES (203,'Portugal');
INSERT INTO DYEXTN_STRING_CONCEPT_VALUE (IDENTIFIER,VALUE) VALUES (204,'Saint Kitts and Nevis');
INSERT INTO DYEXTN_STRING_CONCEPT_VALUE (IDENTIFIER,VALUE) VALUES (205,'Ecuador');
INSERT INTO DYEXTN_STRING_CONCEPT_VALUE (IDENTIFIER,VALUE) VALUES (206,'Greenland');
INSERT INTO DYEXTN_STRING_CONCEPT_VALUE (IDENTIFIER,VALUE) VALUES (207,'United Arab Emirates');
INSERT INTO DYEXTN_STRING_CONCEPT_VALUE (IDENTIFIER,VALUE) VALUES (208,'Tonga');
INSERT INTO DYEXTN_STRING_CONCEPT_VALUE (IDENTIFIER,VALUE) VALUES (209,'India');
INSERT INTO DYEXTN_STRING_CONCEPT_VALUE (IDENTIFIER,VALUE) VALUES (210,'Albania');
INSERT INTO DYEXTN_STRING_CONCEPT_VALUE (IDENTIFIER,VALUE) VALUES (211,'Anguilla');
INSERT INTO DYEXTN_STRING_CONCEPT_VALUE (IDENTIFIER,VALUE) VALUES (212,'Liberia');
INSERT INTO DYEXTN_STRING_CONCEPT_VALUE (IDENTIFIER,VALUE) VALUES (213,'Maldives');
INSERT INTO DYEXTN_STRING_CONCEPT_VALUE (IDENTIFIER,VALUE) VALUES (214,'Sweden');
INSERT INTO DYEXTN_STRING_CONCEPT_VALUE (IDENTIFIER,VALUE) VALUES (215,'Uruguay');
INSERT INTO DYEXTN_STRING_CONCEPT_VALUE (IDENTIFIER,VALUE) VALUES (216,'Vatican City State');
INSERT INTO DYEXTN_STRING_CONCEPT_VALUE (IDENTIFIER,VALUE) VALUES (217,'Antigua and Barbuda');
INSERT INTO DYEXTN_STRING_CONCEPT_VALUE (IDENTIFIER,VALUE) VALUES (218,'Thailand');
INSERT INTO DYEXTN_STRING_CONCEPT_VALUE (IDENTIFIER,VALUE) VALUES (219,'Estonia');
INSERT INTO DYEXTN_STRING_CONCEPT_VALUE (IDENTIFIER,VALUE) VALUES (220,'Tokelau');
INSERT INTO DYEXTN_STRING_CONCEPT_VALUE (IDENTIFIER,VALUE) VALUES (221,'Ukraine');
INSERT INTO DYEXTN_STRING_CONCEPT_VALUE (IDENTIFIER,VALUE) VALUES (222,'Laos');
INSERT INTO DYEXTN_STRING_CONCEPT_VALUE (IDENTIFIER,VALUE) VALUES (223,'Chad');
INSERT INTO DYEXTN_STRING_CONCEPT_VALUE (IDENTIFIER,VALUE) VALUES (224,'Syrian Arab Republic');
INSERT INTO DYEXTN_STRING_CONCEPT_VALUE (IDENTIFIER,VALUE) VALUES (225,'Burundi');
INSERT INTO DYEXTN_STRING_CONCEPT_VALUE (IDENTIFIER,VALUE) VALUES (226,'Uzbekistan');
INSERT INTO DYEXTN_STRING_CONCEPT_VALUE (IDENTIFIER,VALUE) VALUES (227,'Yemen');
INSERT INTO DYEXTN_STRING_CONCEPT_VALUE (IDENTIFIER,VALUE) VALUES (228,'Argentina');
INSERT INTO DYEXTN_STRING_CONCEPT_VALUE (IDENTIFIER,VALUE) VALUES (229,'Hungary');
INSERT INTO DYEXTN_STRING_CONCEPT_VALUE (IDENTIFIER,VALUE) VALUES (230,'Yugoslavia');
INSERT INTO DYEXTN_STRING_CONCEPT_VALUE (IDENTIFIER,VALUE) VALUES (231,'Eritrea');
INSERT INTO DYEXTN_STRING_CONCEPT_VALUE (IDENTIFIER,VALUE) VALUES (232,'Mayotte');
INSERT INTO DYEXTN_STRING_CONCEPT_VALUE (IDENTIFIER,VALUE) VALUES (233,'New York');
INSERT INTO DYEXTN_STRING_CONCEPT_VALUE (IDENTIFIER,VALUE) VALUES (234,'North Dakota');
INSERT INTO DYEXTN_STRING_CONCEPT_VALUE (IDENTIFIER,VALUE) VALUES (235,'Rhode Island');
INSERT INTO DYEXTN_STRING_CONCEPT_VALUE (IDENTIFIER,VALUE) VALUES (236,'Arizona');
INSERT INTO DYEXTN_STRING_CONCEPT_VALUE (IDENTIFIER,VALUE) VALUES (237,'Montana');
INSERT INTO DYEXTN_STRING_CONCEPT_VALUE (IDENTIFIER,VALUE) VALUES (238,'New Hampshire');
INSERT INTO DYEXTN_STRING_CONCEPT_VALUE (IDENTIFIER,VALUE) VALUES (239,'North Carolina');
INSERT INTO DYEXTN_STRING_CONCEPT_VALUE (IDENTIFIER,VALUE) VALUES (240,'Illinois');
INSERT INTO DYEXTN_STRING_CONCEPT_VALUE (IDENTIFIER,VALUE) VALUES (241,'Hawaii');
INSERT INTO DYEXTN_STRING_CONCEPT_VALUE (IDENTIFIER,VALUE) VALUES (242,'Washington');
INSERT INTO DYEXTN_STRING_CONCEPT_VALUE (IDENTIFIER,VALUE) VALUES (243,'Louisiana');
INSERT INTO DYEXTN_STRING_CONCEPT_VALUE (IDENTIFIER,VALUE) VALUES (244,'Pennsylvania');
INSERT INTO DYEXTN_STRING_CONCEPT_VALUE (IDENTIFIER,VALUE) VALUES (245,'Arkansas');
INSERT INTO DYEXTN_STRING_CONCEPT_VALUE (IDENTIFIER,VALUE) VALUES (246,'Mississippi');
INSERT INTO DYEXTN_STRING_CONCEPT_VALUE (IDENTIFIER,VALUE) VALUES (247,'Maine');
INSERT INTO DYEXTN_STRING_CONCEPT_VALUE (IDENTIFIER,VALUE) VALUES (248,'New Mexico');
INSERT INTO DYEXTN_STRING_CONCEPT_VALUE (IDENTIFIER,VALUE) VALUES (249,'Ohio');
INSERT INTO DYEXTN_STRING_CONCEPT_VALUE (IDENTIFIER,VALUE) VALUES (250,'D.C.');
INSERT INTO DYEXTN_STRING_CONCEPT_VALUE (IDENTIFIER,VALUE) VALUES (251,'Georgia');
INSERT INTO DYEXTN_STRING_CONCEPT_VALUE (IDENTIFIER,VALUE) VALUES (252,'Idaho');
INSERT INTO DYEXTN_STRING_CONCEPT_VALUE (IDENTIFIER,VALUE) VALUES (253,'Nebraska');
INSERT INTO DYEXTN_STRING_CONCEPT_VALUE (IDENTIFIER,VALUE) VALUES (254,'Minnesota');
INSERT INTO DYEXTN_STRING_CONCEPT_VALUE (IDENTIFIER,VALUE) VALUES (255,'Oklahoma');
INSERT INTO DYEXTN_STRING_CONCEPT_VALUE (IDENTIFIER,VALUE) VALUES (256,'West Virginia');
INSERT INTO DYEXTN_STRING_CONCEPT_VALUE (IDENTIFIER,VALUE) VALUES (257,'Maryland');
INSERT INTO DYEXTN_STRING_CONCEPT_VALUE (IDENTIFIER,VALUE) VALUES (258,'Kansas');
INSERT INTO DYEXTN_STRING_CONCEPT_VALUE (IDENTIFIER,VALUE) VALUES (259,'New Jersey');
INSERT INTO DYEXTN_STRING_CONCEPT_VALUE (IDENTIFIER,VALUE) VALUES (260,'Vermont');
INSERT INTO DYEXTN_STRING_CONCEPT_VALUE (IDENTIFIER,VALUE) VALUES (261,'Connecticut');
INSERT INTO DYEXTN_STRING_CONCEPT_VALUE (IDENTIFIER,VALUE) VALUES (262,'Other');
INSERT INTO DYEXTN_STRING_CONCEPT_VALUE (IDENTIFIER,VALUE) VALUES (263,'Colorado');
INSERT INTO DYEXTN_STRING_CONCEPT_VALUE (IDENTIFIER,VALUE) VALUES (264,'California');
INSERT INTO DYEXTN_STRING_CONCEPT_VALUE (IDENTIFIER,VALUE) VALUES (265,'Florida');
INSERT INTO DYEXTN_STRING_CONCEPT_VALUE (IDENTIFIER,VALUE) VALUES (266,'Virginia');
INSERT INTO DYEXTN_STRING_CONCEPT_VALUE (IDENTIFIER,VALUE) VALUES (267,'Alaska');
INSERT INTO DYEXTN_STRING_CONCEPT_VALUE (IDENTIFIER,VALUE) VALUES (268,'Wisconsin');
INSERT INTO DYEXTN_STRING_CONCEPT_VALUE (IDENTIFIER,VALUE) VALUES (269,'Tennessee');
INSERT INTO DYEXTN_STRING_CONCEPT_VALUE (IDENTIFIER,VALUE) VALUES (270,'Texas');
INSERT INTO DYEXTN_STRING_CONCEPT_VALUE (IDENTIFIER,VALUE) VALUES (271,'Wyoming');
INSERT INTO DYEXTN_STRING_CONCEPT_VALUE (IDENTIFIER,VALUE) VALUES (272,'Utah');
INSERT INTO DYEXTN_STRING_CONCEPT_VALUE (IDENTIFIER,VALUE) VALUES (273,'Michigan');
INSERT INTO DYEXTN_STRING_CONCEPT_VALUE (IDENTIFIER,VALUE) VALUES (274,'Nevada');
INSERT INTO DYEXTN_STRING_CONCEPT_VALUE (IDENTIFIER,VALUE) VALUES (275,'Missouri');
INSERT INTO DYEXTN_STRING_CONCEPT_VALUE (IDENTIFIER,VALUE) VALUES (276,'South Carolina');
INSERT INTO DYEXTN_STRING_CONCEPT_VALUE (IDENTIFIER,VALUE) VALUES (277,'South Dakota');
INSERT INTO DYEXTN_STRING_CONCEPT_VALUE (IDENTIFIER,VALUE) VALUES (278,'Massachusetts');
INSERT INTO DYEXTN_STRING_CONCEPT_VALUE (IDENTIFIER,VALUE) VALUES (279,'Indiana');
INSERT INTO DYEXTN_STRING_CONCEPT_VALUE (IDENTIFIER,VALUE) VALUES (280,'Iowa');
INSERT INTO DYEXTN_STRING_CONCEPT_VALUE (IDENTIFIER,VALUE) VALUES (281,'Kentucky');
INSERT INTO DYEXTN_STRING_CONCEPT_VALUE (IDENTIFIER,VALUE) VALUES (282,'Alabama');
INSERT INTO DYEXTN_STRING_CONCEPT_VALUE (IDENTIFIER,VALUE) VALUES (283,'Delaware');
INSERT INTO DYEXTN_STRING_CONCEPT_VALUE (IDENTIFIER,VALUE) VALUES (284,'Oregon');
INSERT INTO DYEXTN_STRING_CONCEPT_VALUE (IDENTIFIER,VALUE) VALUES (285,'Unknown');
INSERT INTO DYEXTN_STRING_CONCEPT_VALUE (IDENTIFIER,VALUE) VALUES (286,'Not Reported');
INSERT INTO DYEXTN_STRING_CONCEPT_VALUE (IDENTIFIER,VALUE) VALUES (287,'Not Hispanic or Latino');
INSERT INTO DYEXTN_STRING_CONCEPT_VALUE (IDENTIFIER,VALUE) VALUES (288,'Hispanic or Latino');
INSERT INTO DYEXTN_STRING_CONCEPT_VALUE (IDENTIFIER,VALUE) VALUES (289,'Unknown');
INSERT INTO DYEXTN_STRING_CONCEPT_VALUE (IDENTIFIER,VALUE) VALUES (290,'Unspecified');
INSERT INTO DYEXTN_STRING_CONCEPT_VALUE (IDENTIFIER,VALUE) VALUES (291,'Female');
INSERT INTO DYEXTN_STRING_CONCEPT_VALUE (IDENTIFIER,VALUE) VALUES (292,'Male');
INSERT INTO DYEXTN_STRING_CONCEPT_VALUE (IDENTIFIER,VALUE) VALUES (293,'XXYY Syndrome');
INSERT INTO DYEXTN_STRING_CONCEPT_VALUE (IDENTIFIER,VALUE) VALUES (294,'XXX');
INSERT INTO DYEXTN_STRING_CONCEPT_VALUE (IDENTIFIER,VALUE) VALUES (295,'XX');
INSERT INTO DYEXTN_STRING_CONCEPT_VALUE (IDENTIFIER,VALUE) VALUES (296,'Klinefelter''''s Syndrome');
INSERT INTO DYEXTN_STRING_CONCEPT_VALUE (IDENTIFIER,VALUE) VALUES (297,'XY');
INSERT INTO DYEXTN_STRING_CONCEPT_VALUE (IDENTIFIER,VALUE) VALUES (298,'Mosaic including XXXXY');
INSERT INTO DYEXTN_STRING_CONCEPT_VALUE (IDENTIFIER,VALUE) VALUES (299,'Penta X Syndrome');
INSERT INTO DYEXTN_STRING_CONCEPT_VALUE (IDENTIFIER,VALUE) VALUES (300,'XXXY Syndrome');
INSERT INTO DYEXTN_STRING_CONCEPT_VALUE (IDENTIFIER,VALUE) VALUES (301,'Unknown');
INSERT INTO DYEXTN_STRING_CONCEPT_VALUE (IDENTIFIER,VALUE) VALUES (302,'Unspecified');
INSERT INTO DYEXTN_STRING_CONCEPT_VALUE (IDENTIFIER,VALUE) VALUES (303,'Unknown');
INSERT INTO DYEXTN_STRING_CONCEPT_VALUE (IDENTIFIER,VALUE) VALUES (304,'Alive');
INSERT INTO DYEXTN_STRING_CONCEPT_VALUE (IDENTIFIER,VALUE) VALUES (305,'Dead');
SET FOREIGN_KEY_CHECKS=1;

