<?xml version='1.0' encoding='utf-8'?>
<!DOCTYPE hibernate-configuration PUBLIC
    "-//Hibernate/Hibernate Configuration DTD 3.0//EN"
    "http://hibernate.sourceforge.net/hibernate-configuration-3.0.dtd">
    
<hibernate-configuration>
	
    <session-factory>
    	<property name="show_sql">false</property>
   		<property name="dialect">org.hibernate.dialect.MySQLDialect</property>	
   	 	<property name="connection.datasource">@@dataSource@@</property>
		<property name="hibernate.transaction.factory_class">org.hibernate.transaction.JDBCTransactionFactory</property>
       	<property name="transaction.manager_lookup_class">org.hibernate.transaction.JBossTransactionManagerLookup</property>
		<property name="hibernate.cache.provider_class">org.hibernate.cache.EhCacheProvider</property>
		<property name="hibernate.jdbc.batch_size">0</property>
		<property name="hibernate.query.substitutions">true 1,false 0</property>
    
<!-- My sql settings -->
       
        <property name="hibernate.c3p0.max_size">2</property>
		<property name="hibernate.c3p0.min_size">2</property>
		<property name="hibernate.c3p0.timeout">5000</property>
		<property name="hibernate.c3p0.max_statements">100</property>
		<property name="hibernate.c3p0.idle_test_period">3000</property>
		<property name="hibernate.c3p0.acquire_increment">2</property>
		<property name="hibernate.c3p0.validate">false</property>
		       
	 
<!-- My sql settings end -->   

<!-- PostGreSQL settings -->
  <!-- 
       	<property name="dialect">org.hibernate.dialect.PostgreSQLDialect</property>	
        <property name="hibernate.connection.driver_class">org.postgresql.Driver</property>
        
       	<property name="hibernate.connection.username">postgres</property>
        <property name="hibernate.connection.password">test</property>
        <property name="hibernate.connection.url">jdbc:postgresql://localhost:5432/postgres</property>
    --> 
<!-- PostGreSQL settings end-->    	
      	
        <!-- List of all Mapping files -->
        
        <mapping resource="edu/common/dynamicextensions/hbm/AbstractMetadata.hbm.xml"/>
        <mapping resource="edu/common/dynamicextensions/hbm/AttributeTypeInformation.hbm.xml"/>
        <mapping resource="edu/common/dynamicextensions/hbm/PermissibleValue.hbm.xml"/>
        
        <mapping resource="edu/common/dynamicextensions/hbm/Role.hbm.xml"/>
        <mapping resource="edu/common/dynamicextensions/hbm/SemanticProperty.hbm.xml"/>
        <mapping resource="edu/common/dynamicextensions/hbm/DataElement.hbm.xml"/>  
        
        <mapping resource="edu/common/dynamicextensions/hbm/TaggedValue.hbm.xml"/>
        <mapping resource="edu/common/dynamicextensions/hbm/AttributeRecord.hbm.xml"/>
        <mapping resource="edu/common/dynamicextensions/hbm/CollectionAttributeRecordValue.hbm.xml"/>
      
        <mapping resource="edu/common/dynamicextensions/hbm/AssociationDisplayAttribute.hbm.xml"/>
        <mapping resource="edu/common/dynamicextensions/hbm/databaseproperties/DatabaseProperties.hbm.xml"/>
        <mapping resource="edu/common/dynamicextensions/hbm/CaDSRValueDomainInfo.hbm.xml"/>
         
        <mapping resource="edu/common/dynamicextensions/hbm/FileAttributeRecordValue.hbm.xml"/>
        <mapping resource="edu/common/dynamicextensions/hbm/FileExtension.hbm.xml"/>
        <mapping resource="edu/common/dynamicextensions/hbm/ObjectAttributeRecordValue.hbm.xml"/> 
        
        <mapping resource="edu/common/dynamicextensions/hbm/userinterface/DEContainer.hbm.xml"/>
        <mapping resource="edu/common/dynamicextensions/hbm/userinterface/Control.hbm.xml"/>
        <mapping resource="edu/common/dynamicextensions/hbm/userinterface/View.hbm.xml"/>
                           
        <mapping resource="edu/common/dynamicextensions/hbm/validationrules/Rule.hbm.xml"/>
        <mapping resource="edu/common/dynamicextensions/hbm/validationrules/RuleParameter.hbm.xml"/>
        <mapping resource="edu/common/dynamicextensions/hbm/EntityManagerHQL.hbm.xml"/>
        
        <mapping resource="edu/common/dynamicextensions/hbm/integration/EntityMap.hbm.xml"/>
        <mapping resource="edu/common/dynamicextensions/hbm/integration/EntityMapCondition.hbm.xml"/>
        <mapping resource="edu/common/dynamicextensions/hbm/integration/FormContext.hbm.xml"/>
        <mapping resource="edu/common/dynamicextensions/hbm/integration/EntityMapRecord.hbm.xml"/>
        
        <mapping resource="edu/common/dynamicextensions/hbm/IdGenerator.hbm.xml"/>
        <mapping resource="edu/common/dynamicextensions/hbm/Path.hbm.xml"/>
        <mapping resource="edu/common/dynamicextensions/hbm/PathAssociationRelation.hbm.xml"/>
		<mapping resource="edu/common/dynamicextensions/hbm/DESQLAudit.hbm.xml"/>
		<mapping resource="edu/common/dynamicextensions/hbm/FormControlNotes.hbm.xml"/>
		<mapping resource="edu/common/dynamicextensions/hbm/databaseproperties/ConstraintKeyProperties.hbm.xml"/>
      

    </session-factory>
    
</hibernate-configuration>